男生排名,男生搬屋排名,男生留現址排名,學校,英文名,性別收生,男生適讀,區域,校網,類別,加權總分,搬屋總分,留現址總分,住屋成本分,留現址住屋分,租金評分,樓價評分,總住屋評分,參考呎租,參考呎價,估計月租633呎,估計車位月租,估計住屋總月費,估計樓價633呎萬,較現址租金差%,較現址車位差%,較現址總月費差%,較現址樓價差%,搬屋提示,現址基準,校園面積分,佔地平方米,龍校分,升中聯繫,升中成分,負面新聞分,孜孜活躍分,易入程度分,競爭激烈度,小一學額2026,自行分配額,統一派位額,操場數,CHSC,資料來源
1,1,1,嗇色園主辦可譽中學暨可譽小學,Ho Yu College and Primary School (Sponsored by Sik Sik Yuen),男女校,是,離島區,98,資助,8.33,8.39,8.4,8.4,8.4,8.7,7.8,8.8,32,11000,20256,2000,22256,6.96,19.2,-11.1,15.6,59.3,搬屋更貴,觀塘月華街 633呎 租$17000+位$2250,9.0,11148.0,8.0,嗇色園主辦可譽中學暨可譽小學,8.0,8.0,10.0,6.6,5.4,,,,4,70,https://www.chsc.hk/psp2026/sch_detail.php?lang_id=2&sch_id=70&return_page=sch_list.php%3Flang_id%3D2%26search_mode%3D%26frmMode%3Dpagebreak%26district_id%3D3%26sort_id%3D-1
2,2,2,順德聯誼總會伍冕端小學,S.T.F.A. Wu Mien Tuen Primary School,男女校,是,元朗區,72,資助,8.21,8.37,8.32,9.4,9.4,9.5,9.2,9.7,29,8800,18357,1800,20157,5.57,8.0,-20.0,4.7,27.5,同現址水平,觀塘月華街 633呎 租$17000+位$2250,10.0,12580.0,6.0,順德聯誼總會翁祐中學,6.0,8.0,10.0,6.6,5.4,,,,3,494,https://www.chsc.hk/psp2026/sch_detail.php?lang_id=2&sch_id=494&return_page=sch_list.php%3Flang_id%3D2%26search_mode%3D%26frmMode%3Dpagebreak%26district_id%3D18%26sort_id%3D-1
6,3,4,觀塘官立小學（秀明道）,Kwun Tong Government Primary School (Sau Ming Road),男女校,是,觀塘區,48,官立,8.02,8.3,8.13,10.0,10.0,10.0,10.0,10.0,27,7500,17091,2250,19341,4.75,0.5,0.0,0.5,8.7,留現址(校網48),觀塘月華街 633呎 租$17000+位$2250,7.5,7253.0,7.0,觀塘官立中學、何文田官立中學、觀塘功樂官立中學、賽馬會官立中學,7.0,8.0,8.4,7.1,4.9,,,,2,143,https://www.chsc.hk/psp2026/sch_detail.php?lang_id=2&sch_id=143&return_page=sch_list.php%3Flang_id%3D2%26search_mode%3D%26frmMode%3Dpagebreak%26district_id%3D7%26sort_id%3D-1
3,4,3,聖公會仁立紀念小學,S.K.H. Yan Laap Memorial Primary School,男女校,是,葵青區,65,資助,8.17,8.29,8.25,9.0,9.0,9.0,8.8,9.1,31,9500,19623,1900,21523,6.01,15.4,-15.6,11.8,37.5,視租買取向,觀塘月華街 633呎 租$17000+位$2250,9.0,10700.0,7.0,聖公會林護紀念中學,7.0,8.0,9.4,6.9,5.1,,,,3,154,https://www.chsc.hk/psp2026/sch_detail.php?lang_id=2&sch_id=154&return_page=sch_list.php%3Flang_id%3D2%26search_mode%3D%26frmMode%3Dpagebreak%26district_id%3D15%26sort_id%3D-1
7,5,5,保良局西區婦女福利會馮李佩瑤小學,P.L.K. Women's Welfare Club (WD) Fung Lee Pui Yiu Pri. Sch.,男女校,是,屯門區,71,資助,8.0,8.27,8.12,9.6,9.6,9.7,9.4,9.9,28,8500,17724,1800,19524,5.38,4.3,-20.0,1.4,23.1,同現址水平,觀塘月華街 633呎 租$17000+位$2250,6.0,5112.0,7.0,保良局百周年李兆忠紀念中學、保良局董玉娣中學,7.0,8.0,9.8,6.6,5.4,,,,4,341,https://www.chsc.hk/psp2026/sch_detail.php?lang_id=2&sch_id=341&return_page=sch_list.php%3Flang_id%3D2%26search_mode%3D%26frmMode%3Dpagebreak%26district_id%3D17%26sort_id%3D-1
5,6,6,東涌天主教學校,Tung Chung Catholic School,男女校,是,離島區,98,資助,8.03,8.07,8.1,8.4,8.4,8.7,7.8,8.8,32,11000,20256,2000,22256,6.96,19.2,-11.1,15.6,59.3,搬屋更貴,觀塘月華街 633呎 租$17000+位$2250,10.0,12000.0,6.0,東涌天主教學校,6.0,8.0,10.0,6.6,5.4,,,,6,58,https://www.chsc.hk/psp2026/sch_detail.php?lang_id=2&sch_id=58&return_page=sch_list.php%3Flang_id%3D2%26search_mode%3D%26frmMode%3Dpagebreak%26district_id%3D3%26sort_id%3D-1
26,7,16,福建中學附屬學校,Fukien Secondary School Affiliated School,男女校,是,觀塘區,/,直資,7.45,8.02,7.77,10.0,10.0,10.0,10.0,10.0,27,7500,17091,2250,19341,4.75,0.5,0.0,0.5,8.7,同現址水平,觀塘月華街 633呎 租$17000+位$2250,6.0,6200.0,10.0,福建中學,10.0,8.0,8.4,2.0,10.0,,,,2,150,https://www.chsc.hk/psp2026/sch_detail.php?lang_id=2&sch_id=150&return_page=sch_list.php%3Flang_id%3D2%26search_mode%3D%26frmMode%3Dpagebreak%26district_id%3D7%26sort_id%3D-1
12,8,10,保良局志豪小學,Po Leung Kuk Horizon East Primary School,男女校,是,屯門區,70,資助,7.72,8.01,7.84,9.6,9.6,9.7,9.4,9.9,28,8500,17724,1800,19524,5.38,4.3,-20.0,1.4,23.1,同現址水平,觀塘月華街 633呎 租$17000+位$2250,6.0,6200.0,7.0,保良局百周年李兆忠紀念中學、保良局董玉娣中學,7.0,8.0,8.5,6.6,5.4,,,,3,342,https://www.chsc.hk/psp2026/sch_detail.php?lang_id=2&sch_id=342&return_page=sch_list.php%3Flang_id%3D2%26search_mode%3D%26frmMode%3Dpagebreak%26district_id%3D17%26sort_id%3D-1
8,9,8,香港教育工作者聯會黃楚標學校,H.K.F.E.W. Wong Cho Bau School,男女校,是,離島區,98,資助,7.94,7.99,8.02,8.4,8.4,8.7,7.8,8.8,32,11000,20256,2000,22256,6.96,19.2,-11.1,15.6,59.3,搬屋更貴,觀塘月華街 633呎 租$17000+位$2250,10.0,12000.0,6.0,香港教育工作者聯會黃楚標中學,6.0,8.0,9.6,6.6,5.4,,,,3,64,https://www.chsc.hk/psp2026/sch_detail.php?lang_id=2&sch_id=64&return_page=sch_list.php%3Flang_id%3D2%26search_mode%3D%26frmMode%3Dpagebreak%26district_id%3D3%26sort_id%3D-1
15,10,15,保良局莊啟程第二小學,P.L.K. Vicwood K.T. Chong No. 2 Primary School,男女校,是,屯門區,70,資助,7.65,7.95,7.77,9.6,9.6,9.7,9.4,9.9,28,8500,17724,1800,19524,5.38,4.3,-20.0,1.4,23.1,同現址水平,觀塘月華街 633呎 租$17000+位$2250,6.0,6100.0,7.0,保良局百周年李兆忠紀念中學、保良局董玉娣中學,7.0,8.0,8.2,6.6,5.4,,,,2,332,https://www.chsc.hk/psp2026/sch_detail.php?lang_id=2&sch_id=332&return_page=sch_list.php%3Flang_id%3D2%26search_mode%3D%26frmMode%3Dpagebreak%26district_id%3D17%26sort_id%3D-1
17,11,18,屯門官立小學,Tuen Mun Government Primary School,男女校,是,屯門區,70,官立,7.63,7.95,7.75,9.6,9.6,9.7,9.4,9.9,28,8500,17724,1800,19524,5.38,4.3,-20.0,1.4,23.1,同現址水平,觀塘月華街 633呎 租$17000+位$2250,4.5,3912.0,7.0,屯門官立中學、南屯門官立中學、新界鄉議局元朗區中學,7.0,8.0,8.8,6.6,5.4,,,,3,345,https://www.chsc.hk/psp2026/sch_detail.php?lang_id=2&sch_id=345&return_page=sch_list.php%3Flang_id%3D2%26search_mode%3D%26frmMode%3Dpagebreak%26district_id%3D17%26sort_id%3D-1
13,12,11,聖公會德田李兆強小學,S.K.H. Tak Tin Lee Shiu Keung Primary School,男女校,是,觀塘區,48,資助,7.72,7.95,7.84,10.0,10.0,10.0,10.0,10.0,27,7500,17091,2250,19341,4.75,0.5,0.0,0.5,8.7,留現址(校網48),觀塘月華街 633呎 租$17000+位$2250,9.0,11254.0,3.0,無,3.0,8.0,10.0,7.1,4.9,,,,4,136,https://www.chsc.hk/psp2026/sch_detail.php?lang_id=2&sch_id=136&return_page=sch_list.php%3Flang_id%3D2%26search_mode%3D%26frmMode%3Dpagebreak%26district_id%3D7%26sort_id%3D-1
4,13,7,喇沙小學,La Salle Primary School,男校,是,九龍城區,41,資助,8.05,7.93,8.07,6.7,6.7,6.7,6.6,6.7,40,13000,25320,2400,27720,8.23,48.9,6.7,44.0,88.3,搬屋更貴,觀塘月華街 633呎 租$17000+位$2250,10.0,15974.0,9.5,喇沙書院,10.0,8.0,8.3,6.3,5.7,,,,1,87,https://www.chsc.hk/psp2026/sch_detail.php?lang_id=2&sch_id=87&return_page=sch_list.php%3Flang_id%3D2%26search_mode%3D%26frmMode%3Dpagebreak%26district_id%3D6%26sort_id%3D-1
22,14,12,英華小學,Ying Wa Primary School,男校,是,深水埗區,/,直資,7.57,7.9,7.84,8.6,8.6,8.5,8.8,8.5,33,9500,20889,2200,23089,6.01,22.9,-2.2,19.9,37.5,搬屋更貴,觀塘月華街 633呎 租$17000+位$2250,10.0,14000.0,10.0,英華書院,10.0,8.0,8.3,2.0,10.0,,,,1,276,https://www.chsc.hk/psp2026/sch_detail.php?lang_id=2&sch_id=276&return_page=sch_list.php%3Flang_id%3D2%26search_mode%3D%26frmMode%3Dpagebreak%26district_id%3D9%26sort_id%3D-1
16,15,17,天水圍循道衞理小學,Tin Shui Wai Methodist Primary School,男女校,是,元朗區,72,資助,7.64,7.89,7.75,9.4,9.4,9.5,9.2,9.7,29,8800,18357,1800,20157,5.57,8.0,-20.0,4.7,27.5,同現址水平,觀塘月華街 633呎 租$17000+位$2250,6.0,5835.0,6.0,天水圍循道衛理中學,6.0,8.0,9.2,6.6,5.4,,,,2,461,https://www.chsc.hk/psp2026/sch_detail.php?lang_id=2&sch_id=461&return_page=sch_list.php%3Flang_id%3D2%26search_mode%3D%26frmMode%3Dpagebreak%26district_id%3D18%26sort_id%3D-1
10,16,9,瑪利諾神父教會學校（小學部）,Maryknoll Fathers' School (Primary Section),男女校,是,深水埗區,40,資助,7.78,7.89,7.86,8.6,8.6,8.5,8.8,8.5,33,9500,20889,2200,23089,6.01,22.9,-2.2,19.9,37.5,搬屋更貴,觀塘月華街 633呎 租$17000+位$2250,7.5,7630.0,5.5,瑪利諾神父教會學校,6.0,8.0,10.0,6.6,5.4,,,,4,265,https://www.chsc.hk/psp2026/sch_detail.php?lang_id=2&sch_id=265&return_page=sch_list.php%3Flang_id%3D2%26search_mode%3D%26frmMode%3Dpagebreak%26district_id%3D9%26sort_id%3D-1
23,17,24,觀塘官立小學,Kwun Tong Government Primary School,男女校,是,觀塘區,48,官立,7.48,7.87,7.6,10.0,10.0,10.0,10.0,10.0,27,7500,17091,2250,19341,4.75,0.5,0.0,0.5,8.7,留現址(校網48),觀塘月華街 633呎 租$17000+位$2250,3.0,1895.0,7.0,觀塘官立中學、何文田官立中學、觀塘功樂官立中學、賽馬會官立中學,7.0,8.0,8.0,7.1,4.9,,,,1,147,https://www.chsc.hk/psp2026/sch_detail.php?lang_id=2&sch_id=147&return_page=sch_list.php%3Flang_id%3D2%26search_mode%3D%26frmMode%3Dpagebreak%26district_id%3D7%26sort_id%3D-1
19,18,20,中華基督教會基法小學（油塘）,C.C.C. Kei Faat Primary School (Yau Tong),男女校,是,觀塘區,48,資助,7.57,7.83,7.69,10.0,10.0,10.0,10.0,10.0,27,7500,17091,2250,19341,4.75,0.5,0.0,0.5,8.7,留現址(校網48),觀塘月華街 633呎 租$17000+位$2250,7.5,7250.0,3.0,無,3.0,8.0,10.0,7.1,4.9,,,,4,130,https://www.chsc.hk/psp2026/sch_detail.php?lang_id=2&sch_id=130&return_page=sch_list.php%3Flang_id%3D2%26search_mode%3D%26frmMode%3Dpagebreak%26district_id%3D7%26sort_id%3D-1
21,19,21,聖安當小學,St. Antonius Primary School,男女校,是,觀塘區,48,資助,7.57,7.83,7.69,10.0,10.0,10.0,10.0,10.0,27,7500,17091,2250,19341,4.75,0.5,0.0,0.5,8.7,留現址(校網48),觀塘月華街 633呎 租$17000+位$2250,7.5,7760.0,3.0,無,3.0,8.0,10.0,7.1,4.9,,,,4,140,https://www.chsc.hk/psp2026/sch_detail.php?lang_id=2&sch_id=140&return_page=sch_list.php%3Flang_id%3D2%26search_mode%3D%26frmMode%3Dpagebreak%26district_id%3D7%26sort_id%3D-1
11,20,13,保良局錦泰小學,Po Leung Kuk Grandmont Primary School,男女校,是,黃大仙區,45,資助,7.77,7.82,7.83,8.1,8.1,7.9,8.4,8.0,35,10000,22155,2250,24405,6.33,30.3,0.0,26.8,44.9,搬屋更貴,觀塘月華街 633呎 租$17000+位$2250,9.0,10000.0,7.0,保良局第一張永慶中學,7.0,8.0,8.6,6.6,5.4,,,,2,452,https://www.chsc.hk/psp2026/sch_detail.php?lang_id=2&sch_id=452&return_page=sch_list.php%3Flang_id%3D2%26search_mode%3D%26frmMode%3Dpagebreak%26district_id%3D10%26sort_id%3D-1
20,21,22,元朗公立中學校友會鄧英業小學,Y.L.P.M.S. Alumni Association Tang Ying Yip Primary School,男女校,是,元朗區,72,資助,7.57,7.81,7.68,9.4,9.4,9.5,9.2,9.7,29,8800,18357,1800,20157,5.57,8.0,-20.0,4.7,27.5,同現址水平,觀塘月華街 633呎 租$17000+位$2250,6.0,6200.0,5.0,元朗公立中學校友會鄧兆棠中學,5.0,8.0,9.8,6.6,5.4,,,,4,483,https://www.chsc.hk/psp2026/sch_detail.php?lang_id=2&sch_id=483&return_page=sch_list.php%3Flang_id%3D2%26search_mode%3D%26frmMode%3Dpagebreak%26district_id%3D18%26sort_id%3D-1
27,22,28,金巴崙長老會耀道小學,C.P.C. Yao Dao Primary School,男女校,是,元朗區,72,資助,7.42,7.69,7.53,9.4,9.4,9.5,9.2,9.7,29,8800,18357,1800,20157,5.57,8.0,-20.0,4.7,27.5,同現址水平,觀塘月華街 633呎 租$17000+位$2250,6.0,5880.0,6.0,金巴崙長老會耀道中學,6.0,8.0,8.2,6.6,5.4,,,,2,467,https://www.chsc.hk/psp2026/sch_detail.php?lang_id=2&sch_id=467&return_page=sch_list.php%3Flang_id%3D2%26search_mode%3D%26frmMode%3Dpagebreak%26district_id%3D18%26sort_id%3D-1
28,23,27,樂華天主教小學,Lok Wah Catholic Primary School,男女校,是,觀塘區,48,資助,7.41,7.67,7.53,10.0,10.0,10.0,10.0,10.0,27,7500,17091,2250,19341,4.75,0.5,0.0,0.5,8.7,留現址(校網48),觀塘月華街 633呎 租$17000+位$2250,9.0,9000.0,3.0,無,3.0,8.0,8.6,7.1,4.9,,,,2,132,https://www.chsc.hk/psp2026/sch_detail.php?lang_id=2&sch_id=132&return_page=sch_list.php%3Flang_id%3D2%26search_mode%3D%26frmMode%3Dpagebreak%26district_id%3D7%26sort_id%3D-1
32,24,29,秀明小學,Sau Ming Primary School,男女校,是,觀塘區,48,資助,7.39,7.67,7.51,10.0,10.0,10.0,10.0,10.0,27,7500,17091,2250,19341,4.75,0.5,0.0,0.5,8.7,留現址(校網48),觀塘月華街 633呎 租$17000+位$2250,7.5,8000.0,3.0,無,3.0,8.0,9.2,7.1,4.9,,,,3,139,https://www.chsc.hk/psp2026/sch_detail.php?lang_id=2&sch_id=139&return_page=sch_list.php%3Flang_id%3D2%26search_mode%3D%26frmMode%3Dpagebreak%26district_id%3D7%26sort_id%3D-1
33,25,30,聖愛德華天主教小學,St. Edward's Catholic Primary School,男女校,是,觀塘區,48,資助,7.39,7.67,7.51,10.0,10.0,10.0,10.0,10.0,27,7500,17091,2250,19341,4.75,0.5,0.0,0.5,8.7,留現址(校網48),觀塘月華街 633呎 租$17000+位$2250,7.5,7000.0,3.0,無,3.0,8.0,9.2,7.1,4.9,,,,3,141,https://www.chsc.hk/psp2026/sch_detail.php?lang_id=2&sch_id=141&return_page=sch_list.php%3Flang_id%3D2%26search_mode%3D%26frmMode%3Dpagebreak%26district_id%3D7%26sort_id%3D-1
9,26,14,愛秩序灣官立小學,Aldrich Bay Government Primary School,男女校,是,香港東區,16,官立,7.82,7.66,7.8,6.1,6.1,6.1,6.0,6.2,42,14000,26586,2400,28986,8.86,56.4,6.7,50.6,102.7,搬屋更貴,觀塘月華街 633呎 租$17000+位$2250,6.0,6000.0,9.0,皇仁書院、筲箕灣官立中學、 金文泰中學,9.0,8.0,10.0,6.6,5.4,,,,3,40,https://www.chsc.hk/psp2026/sch_detail.php?lang_id=2&sch_id=40&return_page=sch_list.php%3Flang_id%3D2%26search_mode%3D%26frmMode%3Dpagebreak%26district_id%3D2%26sort_id%3D-1
31,27,32,天水圍天主教小學,Tin Shui Wai Catholic Primary School,男女校,是,元朗區,72,資助,7.39,7.65,7.5,9.4,9.4,9.5,9.2,9.7,29,8800,18357,1800,20157,5.57,8.0,-20.0,4.7,27.5,同現址水平,觀塘月華街 633呎 租$17000+位$2250,6.0,5600.0,5.0,天主教崇德英文書院、天主教培聖中學,5.0,8.0,9.0,6.6,5.4,,,,3,481,https://www.chsc.hk/psp2026/sch_detail.php?lang_id=2&sch_id=481&return_page=sch_list.php%3Flang_id%3D2%26search_mode%3D%26frmMode%3Dpagebreak%26district_id%3D18%26sort_id%3D-1
24,28,26,深水埗官立小學,Sham Shui Po Government Primary School,男女校,是,深水埗區,40,官立,7.47,7.65,7.55,8.6,8.6,8.5,8.8,8.5,33,9500,20889,2200,23089,6.01,22.9,-2.2,19.9,37.5,搬屋更貴,觀塘月華街 633呎 租$17000+位$2250,6.0,5679.0,7.0,荃灣官立中學、何文田官立中學、賽馬會官立中學、九龍工業中學,7.0,8.0,8.2,6.6,5.4,,,,2,257,https://www.chsc.hk/psp2026/sch_detail.php?lang_id=2&sch_id=257&return_page=sch_list.php%3Flang_id%3D2%26search_mode%3D%26frmMode%3Dpagebreak%26district_id%3D9%26sort_id%3D-1
57,29,57,保良局梁周順琴小學,P.L.K. Leung Chow Shun Kam Primary School,男女校,是,屯門區,70,資助,7.26,7.63,7.38,9.6,9.6,9.7,9.4,9.9,28,8500,17724,1800,19524,5.38,4.3,-20.0,1.4,23.1,同現址水平,觀塘月華街 633呎 租$17000+位$2250,3.0,2500.0,7.0,保良局百周年李兆忠紀念中學、保良局董玉娣中學,7.0,8.0,7.8,6.6,5.4,,,,2,340,https://www.chsc.hk/psp2026/sch_detail.php?lang_id=2&sch_id=340&return_page=sch_list.php%3Flang_id%3D2%26search_mode%3D%26frmMode%3Dpagebreak%26district_id%3D17%26sort_id%3D-1
48,30,45,仁濟醫院羅陳楚思小學,Yan Chai Hospital Law Chan Chor Si Primary School,男女校,是,屯門區,70,資助,7.32,7.61,7.44,9.6,9.6,9.7,9.4,9.9,28,8500,17724,1800,19524,5.38,4.3,-20.0,1.4,23.1,同現址水平,觀塘月華街 633呎 租$17000+位$2250,6.0,6000.0,5.0,仁濟醫院第二中學,5.0,8.0,8.5,6.6,5.4,,,,3,361,https://www.chsc.hk/psp2026/sch_detail.php?lang_id=2&sch_id=361&return_page=sch_list.php%3Flang_id%3D2%26search_mode%3D%26frmMode%3Dpagebreak%26district_id%3D17%26sort_id%3D-1
49,31,46,順德聯誼總會何日東小學,S.T.F.A. Ho Yat Tung Primary School,男女校,是,屯門區,71,資助,7.32,7.61,7.44,9.6,9.6,9.7,9.4,9.9,28,8500,17724,1800,19524,5.38,4.3,-20.0,1.4,23.1,同現址水平,觀塘月華街 633呎 租$17000+位$2250,6.0,5500.0,5.0,順德聯誼總會梁銶琚中學、順德聯誼總會譚伯羽中學,5.0,8.0,8.5,6.6,5.4,,,,3,352,https://www.chsc.hk/psp2026/sch_detail.php?lang_id=2&sch_id=352&return_page=sch_list.php%3Flang_id%3D2%26search_mode%3D%26frmMode%3Dpagebreak%26district_id%3D17%26sort_id%3D-1
54,32,52,仁德天主教小學,Yan Tak Catholic Primary School,男女校,是,屯門區,70,資助,7.28,7.59,7.4,9.6,9.6,9.7,9.4,9.9,28,8500,17724,1800,19524,5.38,4.3,-20.0,1.4,23.1,同現址水平,觀塘月華街 633呎 租$17000+位$2250,4.5,3900.0,5.0,屯門天主教中學,5.0,8.0,9.0,6.6,5.4,,,,2,346,https://www.chsc.hk/psp2026/sch_detail.php?lang_id=2&sch_id=346&return_page=sch_list.php%3Flang_id%3D2%26search_mode%3D%26frmMode%3Dpagebreak%26district_id%3D17%26sort_id%3D-1
38,33,35,粉嶺官立小學,Fanling Government Primary School,男女校,是,北區,81,官立,7.37,7.59,7.48,9.2,9.2,9.2,9.1,9.4,30,9000,18990,1800,20790,5.7,11.7,-20.0,8.0,30.4,視租買取向,觀塘月華街 633呎 租$17000+位$2250,7.5,7680.0,5.0,粉嶺官立中學、上水官立中學,5.0,8.0,8.4,6.6,5.4,,,,2,189,https://www.chsc.hk/psp2026/sch_detail.php?lang_id=2&sch_id=189&return_page=sch_list.php%3Flang_id%3D2%26search_mode%3D%26frmMode%3Dpagebreak%26district_id%3D12%26sort_id%3D-1
58,34,49,天主教柏德學校,Bishop Paschang Catholic School,男女校,是,觀塘區,46,資助,7.26,7.58,7.41,10.0,10.0,10.0,10.0,10.0,27,7500,17091,2250,19341,4.75,0.5,0.0,0.5,8.7,同現址水平,觀塘月華街 633呎 租$17000+位$2250,6.0,6600.0,3.0,無,3.0,8.0,10.0,6.3,5.7,,,,3,124,https://www.chsc.hk/psp2026/sch_detail.php?lang_id=2&sch_id=124&return_page=sch_list.php%3Flang_id%3D2%26search_mode%3D%26frmMode%3Dpagebreak%26district_id%3D7%26sort_id%3D-1
66,35,63,樂善堂楊仲明學校,L.S.T. Yeung Chung Ming Primary School,男女校,是,觀塘區,48,資助,7.23,7.58,7.35,10.0,10.0,10.0,10.0,10.0,27,7500,17091,2250,19341,4.75,0.5,0.0,0.5,8.7,留現址(校網48),觀塘月華街 633呎 租$17000+位$2250,4.5,4000.0,5.0,樂善堂王仲銘中學,5.0,8.0,8.0,7.1,4.9,,,,2,149,https://www.chsc.hk/psp2026/sch_detail.php?lang_id=2&sch_id=149&return_page=sch_list.php%3Flang_id%3D2%26search_mode%3D%26frmMode%3Dpagebreak%26district_id%3D7%26sort_id%3D-1
39,36,36,伊利沙伯中學舊生會小學分校,Q.E.S. Old Students' Association Branch Primary School,男女校,是,元朗區,72,資助,7.36,7.57,7.47,9.4,9.4,9.5,9.2,9.7,29,8800,18357,1800,20157,5.57,8.0,-20.0,4.7,27.5,同現址水平,觀塘月華街 633呎 租$17000+位$2250,7.5,7000.0,3.0,無,3.0,8.0,10.0,6.6,5.4,,,,4,476,https://www.chsc.hk/psp2026/sch_detail.php?lang_id=2&sch_id=476&return_page=sch_list.php%3Flang_id%3D2%26search_mode%3D%26frmMode%3Dpagebreak%26district_id%3D18%26sort_id%3D-1
41,37,37,光明英來學校,Kwong Ming Ying Loi School,男女校,是,元朗區,74,資助,7.36,7.57,7.47,9.4,9.4,9.5,9.2,9.7,29,8800,18357,1800,20157,5.57,8.0,-20.0,4.7,27.5,同現址水平,觀塘月華街 633呎 租$17000+位$2250,7.5,7200.0,3.0,無,3.0,8.0,10.0,6.6,5.4,,,,4,497,https://www.chsc.hk/psp2026/sch_detail.php?lang_id=2&sch_id=497&return_page=sch_list.php%3Flang_id%3D2%26search_mode%3D%26frmMode%3Dpagebreak%26district_id%3D18%26sort_id%3D-1
42,38,38,東華三院李東海小學,TWGHs Leo Tung-hai LEE Primary School,男女校,是,元朗區,72,資助,7.36,7.57,7.47,9.4,9.4,9.5,9.2,9.7,29,8800,18357,1800,20157,5.57,8.0,-20.0,4.7,27.5,同現址水平,觀塘月華街 633呎 租$17000+位$2250,7.5,7000.0,3.0,無,3.0,8.0,10.0,6.6,5.4,,,,4,479,https://www.chsc.hk/psp2026/sch_detail.php?lang_id=2&sch_id=479&return_page=sch_list.php%3Flang_id%3D2%26search_mode%3D%26frmMode%3Dpagebreak%26district_id%3D18%26sort_id%3D-1
29,39,31,鳳溪第一小學,Fung Kai No.1 Primary School,男女校,是,北區,80,資助,7.41,7.57,7.51,9.2,9.2,9.2,9.1,9.4,30,9000,18990,1800,20790,5.7,11.7,-20.0,8.0,30.4,視租買取向,觀塘月華街 633呎 租$17000+位$2250,9.0,10000.0,3.0,無,3.0,8.0,9.7,6.6,5.4,,,,3,205,https://www.chsc.hk/psp2026/sch_detail.php?lang_id=2&sch_id=205&return_page=sch_list.php%3Flang_id%3D2%26search_mode%3D%26frmMode%3Dpagebreak%26district_id%3D12%26sort_id%3D-1
14,40,19,香港嘉諾撒學校,Canossa School (Hong Kong),男女校,是,香港東區,14,資助,7.71,7.56,7.71,6.1,6.1,6.1,6.0,6.2,42,14000,26586,2400,28986,8.86,56.4,6.7,50.6,102.7,搬屋更貴,觀塘月華街 633呎 租$17000+位$2250,7.5,7000.0,9.0,嘉諾撒書院,9.0,8.0,9.2,6.2,5.8,,,,3,33,https://www.chsc.hk/psp2026/sch_detail.php?lang_id=2&sch_id=33&return_page=sch_list.php%3Flang_id%3D2%26search_mode%3D%26frmMode%3Dpagebreak%26district_id%3D2%26sort_id%3D-1
64,41,61,順德聯誼總會李金小學,S.T.F.A. Lee Kam Primary School,男女校,是,屯門區,71,資助,7.25,7.55,7.37,9.6,9.6,9.7,9.4,9.9,28,8500,17724,1800,19524,5.38,4.3,-20.0,1.4,23.1,同現址水平,觀塘月華街 633呎 租$17000+位$2250,6.0,5291.0,5.0,順德聯誼總會梁銶琚中學、順德聯誼總會譚伯羽中學,5.0,8.0,8.2,6.6,5.4,,,,2,353,https://www.chsc.hk/psp2026/sch_detail.php?lang_id=2&sch_id=353&return_page=sch_list.php%3Flang_id%3D2%26search_mode%3D%26frmMode%3Dpagebreak%26district_id%3D17%26sort_id%3D-1
34,42,34,鳳溪創新小學,Fung Kai Innovative School,男女校,是,北區,80,資助,7.39,7.55,7.49,9.2,9.2,9.2,9.1,9.4,30,9000,18990,1800,20790,5.7,11.7,-20.0,8.0,30.4,視租買取向,觀塘月華街 633呎 租$17000+位$2250,9.0,11000.0,3.0,無,3.0,8.0,9.6,6.6,5.4,,,,2,206,https://www.chsc.hk/psp2026/sch_detail.php?lang_id=2&sch_id=206&return_page=sch_list.php%3Flang_id%3D2%26search_mode%3D%26frmMode%3Dpagebreak%26district_id%3D12%26sort_id%3D-1
40,43,25,優才（楊殷有娣）書院,G.T. (Ellen Yeung) College,男女校,是,西貢區,/,直資,7.36,7.54,7.57,7.2,7.2,7.2,7.2,7.3,38,12000,24054,2100,26154,7.6,41.5,-6.7,35.9,73.9,搬屋更貴,觀塘月華街 633呎 租$17000+位$2250,7.5,7000.0,10.0,優才（楊殷有娣）書院,10.0,8.0,9.6,2.0,10.0,,,,2,228,https://www.chsc.hk/psp2026/sch_detail.php?lang_id=2&sch_id=228&return_page=sch_list.php%3Flang_id%3D2%26search_mode%3D%26frmMode%3Dpagebreak%26district_id%3D8%26sort_id%3D-1
67,44,65,閩僑小學,Man Kiu Association Primary School,男女校,是,觀塘區,48,資助,7.23,7.54,7.34,10.0,10.0,10.0,10.0,10.0,27,7500,17091,2250,19341,4.75,0.5,0.0,0.5,8.7,留現址(校網48),觀塘月華街 633呎 租$17000+位$2250,4.5,3866.0,3.0,無,3.0,8.0,9.8,7.1,4.9,,,,3,133,https://www.chsc.hk/psp2026/sch_detail.php?lang_id=2&sch_id=133&return_page=sch_list.php%3Flang_id%3D2%26search_mode%3D%26frmMode%3Dpagebreak%26district_id%3D7%26sort_id%3D-1
59,45,60,天水圍官立小學,Tin Shui Wai Government Primary School,男女校,是,元朗區,72,官立,7.26,7.53,7.37,9.4,9.4,9.5,9.2,9.7,29,8800,18357,1800,20157,5.57,8.0,-20.0,4.7,27.5,同現址水平,觀塘月華街 633呎 租$17000+位$2250,6.0,6200.0,5.0,趙聿修紀念中學、元朗公立中學、天水圍官立中學,5.0,8.0,8.4,6.6,5.4,,,,2,482,https://www.chsc.hk/psp2026/sch_detail.php?lang_id=2&sch_id=482&return_page=sch_list.php%3Flang_id%3D2%26search_mode%3D%26frmMode%3Dpagebreak%26district_id%3D18%26sort_id%3D-1
30,46,40,荃灣官立小學,Tsuen Wan Government Primary School,男女校,是,荃灣區,62,官立,7.4,7.53,7.46,8.2,8.2,8.2,8.1,8.3,34,10500,21522,2000,23522,6.65,26.6,-11.1,22.2,52.2,搬屋更貴,觀塘月華街 633呎 租$17000+位$2250,6.0,5137.0,7.0,荃灣官立中學、何文田官立中學,7.0,8.0,8.2,6.6,5.4,,,,2,398,https://www.chsc.hk/psp2026/sch_detail.php?lang_id=2&sch_id=398&return_page=sch_list.php%3Flang_id%3D2%26search_mode%3D%26frmMode%3Dpagebreak%26district_id%3D16%26sort_id%3D-1
56,47,54,世界龍岡學校劉德容紀念小學,L.K.W.F.S. Ltd. Lau Tak Yung Memorial Primary School,男女校,是,屯門區,70,資助,7.27,7.51,7.39,9.6,9.6,9.7,9.4,9.9,28,8500,17724,1800,19524,5.38,4.3,-20.0,1.4,23.1,同現址水平,觀塘月華街 633呎 租$17000+位$2250,7.5,8950.0,3.0,無,3.0,8.0,9.4,6.6,5.4,,,,2,339,https://www.chsc.hk/psp2026/sch_detail.php?lang_id=2&sch_id=339&return_page=sch_list.php%3Flang_id%3D2%26search_mode%3D%26frmMode%3Dpagebreak%26district_id%3D17%26sort_id%3D-1
63,48,58,中華基督教會何福堂小學,C.C.C. Hoh Fuk Tong Primary School,男女校,是,屯門區,70,資助,7.25,7.51,7.37,9.6,9.6,9.7,9.4,9.9,28,8500,17724,1800,19524,5.38,4.3,-20.0,1.4,23.1,同現址水平,觀塘月華街 633呎 租$17000+位$2250,6.0,6200.0,3.0,無,3.0,8.0,10.0,6.6,5.4,,,,3,334,https://www.chsc.hk/psp2026/sch_detail.php?lang_id=2&sch_id=334&return_page=sch_list.php%3Flang_id%3D2%26search_mode%3D%26frmMode%3Dpagebreak%26district_id%3D17%26sort_id%3D-1
46,49,47,五旬節于良發小學,Pentecostal Yu Leung Fat Primary School,男女校,是,北區,81,資助,7.33,7.51,7.43,9.2,9.2,9.2,9.1,9.4,30,9000,18990,1800,20790,5.7,11.7,-20.0,8.0,30.4,視租買取向,觀塘月華街 633呎 租$17000+位$2250,7.5,7000.0,3.0,無,3.0,8.0,10.0,6.6,5.4,,,,4,204,https://www.chsc.hk/psp2026/sch_detail.php?lang_id=2&sch_id=204&return_page=sch_list.php%3Flang_id%3D2%26search_mode%3D%26frmMode%3Dpagebreak%26district_id%3D12%26sort_id%3D-1
45,50,44,粉嶺公立學校,Fanling Public School,男女校,是,北區,81,資助,7.34,7.51,7.45,9.2,9.2,9.2,9.1,9.4,30,9000,18990,1800,20790,5.7,11.7,-20.0,8.0,30.4,視租買取向,觀塘月華街 633呎 租$17000+位$2250,9.0,11000.0,3.0,無,3.0,8.0,9.4,6.6,5.4,,,,3,210,https://www.chsc.hk/psp2026/sch_detail.php?lang_id=2&sch_id=210&return_page=sch_list.php%3Flang_id%3D2%26search_mode%3D%26frmMode%3Dpagebreak%26district_id%3D12%26sort_id%3D-1
47,51,48,香海正覺蓮社佛教正慧小學,HHCKLA Buddhist Wisdom Primary School,男女校,是,北區,80,資助,7.33,7.51,7.43,9.2,9.2,9.2,9.1,9.4,30,9000,18990,1800,20790,5.7,11.7,-20.0,8.0,30.4,視租買取向,觀塘月華街 633呎 租$17000+位$2250,7.5,7000.0,3.0,無,3.0,8.0,10.0,6.6,5.4,,,,4,185,https://www.chsc.hk/psp2026/sch_detail.php?lang_id=2&sch_id=185&return_page=sch_list.php%3Flang_id%3D2%26search_mode%3D%26frmMode%3Dpagebreak%26district_id%3D12%26sort_id%3D-1
36,52,41,中華基督教會基真小學,C.C.C. Kei Chun Primary School,男女校,是,葵青區,65,資助,7.37,7.5,7.45,9.0,9.0,9.0,8.8,9.1,31,9500,19623,1900,21523,6.01,15.4,-15.6,11.8,37.5,視租買取向,觀塘月華街 633呎 租$17000+位$2250,9.0,10000.0,3.0,無,3.0,8.0,9.4,6.9,5.1,,,,3,170,https://www.chsc.hk/psp2026/sch_detail.php?lang_id=2&sch_id=170&return_page=sch_list.php%3Flang_id%3D2%26search_mode%3D%26frmMode%3Dpagebreak%26district_id%3D15%26sort_id%3D-1
83,53,76,秀茂坪天主教小學,Sau Mau Ping Catholic Primary School,男女校,是,觀塘區,48,資助,7.2,7.5,7.32,10.0,10.0,10.0,10.0,10.0,27,7500,17091,2250,19341,4.75,0.5,0.0,0.5,8.7,留現址(校網48),觀塘月華街 633呎 租$17000+位$2250,6.0,6200.0,3.0,無,3.0,8.0,9.0,7.1,4.9,,,,3,138,https://www.chsc.hk/psp2026/sch_detail.php?lang_id=2&sch_id=138&return_page=sch_list.php%3Flang_id%3D2%26search_mode%3D%26frmMode%3Dpagebreak%26district_id%3D7%26sort_id%3D-1
74,54,80,聖公會仁立小學,S.K.H. Yan Laap Primary School,男女校,是,葵青區,65,資助,7.22,7.5,7.3,9.0,9.0,9.0,8.8,9.1,31,9500,19623,1900,21523,6.01,15.4,-15.6,11.8,37.5,視租買取向,觀塘月華街 633呎 租$17000+位$2250,3.0,3000.0,7.0,聖公會林護紀念中學,7.0,8.0,7.8,6.9,5.1,,,,2,173,https://www.chsc.hk/psp2026/sch_detail.php?lang_id=2&sch_id=173&return_page=sch_list.php%3Flang_id%3D2%26search_mode%3D%26frmMode%3Dpagebreak%26district_id%3D15%26sort_id%3D-1
75,55,68,聖公會李兆強小學,S.K.H. Lee Shiu Keung Primary School,男女校,是,觀塘區,48,資助,7.22,7.5,7.33,10.0,10.0,10.0,10.0,10.0,27,7500,17091,2250,19341,4.75,0.5,0.0,0.5,8.7,留現址(校網48),觀塘月華街 633呎 租$17000+位$2250,7.5,7500.0,3.0,無,3.0,8.0,8.4,7.1,4.9,,,,2,135,https://www.chsc.hk/psp2026/sch_detail.php?lang_id=2&sch_id=135&return_page=sch_list.php%3Flang_id%3D2%26search_mode%3D%26frmMode%3Dpagebreak%26district_id%3D7%26sort_id%3D-1
76,56,69,聖公會油塘基顯小學,S.K.H. Yautong Kei Hin Primary School,男女校,是,觀塘區,48,資助,7.22,7.5,7.33,10.0,10.0,10.0,10.0,10.0,27,7500,17091,2250,19341,4.75,0.5,0.0,0.5,8.7,留現址(校網48),觀塘月華街 633呎 租$17000+位$2250,7.5,8000.0,3.0,無,3.0,8.0,8.4,7.1,4.9,,,,2,137,https://www.chsc.hk/psp2026/sch_detail.php?lang_id=2&sch_id=137&return_page=sch_list.php%3Flang_id%3D2%26search_mode%3D%26frmMode%3Dpagebreak%26district_id%3D7%26sort_id%3D-1
84,57,77,香港道教聯合會圓玄學院陳呂重德紀念學校,H.K.T.A.Y.Y.I. Chan Lui Chung Tak Memorial School,男女校,是,觀塘區,48,資助,7.2,7.5,7.32,10.0,10.0,10.0,10.0,10.0,27,7500,17091,2250,19341,4.75,0.5,0.0,0.5,8.7,留現址(校網48),觀塘月華街 633呎 租$17000+位$2250,6.0,6500.0,3.0,無,3.0,8.0,9.0,7.1,4.9,,,,3,131,https://www.chsc.hk/psp2026/sch_detail.php?lang_id=2&sch_id=131&return_page=sch_list.php%3Flang_id%3D2%26search_mode%3D%26frmMode%3Dpagebreak%26district_id%3D7%26sort_id%3D-1
68,58,66,元朗公立中學校友會小學,Yuen Long Public Middle School Alumni Association Primary School,男女校,是,元朗區,73,資助,7.22,7.49,7.33,9.4,9.4,9.5,9.2,9.7,29,8800,18357,1800,20157,5.57,8.0,-20.0,4.7,27.5,同現址水平,觀塘月華街 633呎 租$17000+位$2250,6.0,5000.0,5.0,元朗公立中學校友會鄧兆棠中學,5.0,8.0,8.2,6.6,5.4,,,,2,485,https://www.chsc.hk/psp2026/sch_detail.php?lang_id=2&sch_id=485&return_page=sch_list.php%3Flang_id%3D2%26search_mode%3D%26frmMode%3Dpagebreak%26district_id%3D18%26sort_id%3D-1
69,59,67,元朗官立小學,Yuen Long Government Primary School,男女校,是,元朗區,74,官立,7.22,7.49,7.33,9.4,9.4,9.5,9.2,9.7,29,8800,18357,1800,20157,5.57,8.0,-20.0,4.7,27.5,同現址水平,觀塘月華街 633呎 租$17000+位$2250,6.0,5857.0,5.0,新界鄉議局元朗區中學、趙聿修紀念中學、天水圍官立中學,5.0,8.0,8.2,6.6,5.4,,,,2,491,https://www.chsc.hk/psp2026/sch_detail.php?lang_id=2&sch_id=491&return_page=sch_list.php%3Flang_id%3D2%26search_mode%3D%26frmMode%3Dpagebreak%26district_id%3D18%26sort_id%3D-1
18,60,23,港澳信義會明道小學,Hong Kong And Macau Lutheran Church Ming Tao Primary School,男女校,是,西貢區,95,資助,7.59,7.49,7.62,7.2,7.2,7.2,7.2,7.3,38,12000,24054,2100,26154,7.6,41.5,-6.7,35.9,73.9,搬屋更貴,觀塘月華街 633呎 租$17000+位$2250,10.0,12000.0,5.0,港澳信義會慕德中學,5.0,8.0,9.9,6.6,5.4,,,,4,220,https://www.chsc.hk/psp2026/sch_detail.php?lang_id=2&sch_id=220&return_page=sch_list.php%3Flang_id%3D2%26search_mode%3D%26frmMode%3Dpagebreak%26district_id%3D8%26sort_id%3D-1
106,61,62,基督教香港信義會宏信書院,ELCHK Lutheran Academy,男女校,是,元朗區,/,直資,7.06,7.48,7.36,9.4,9.4,9.5,9.2,9.7,29,8800,18357,1800,20157,5.57,8.0,-20.0,4.7,27.5,同現址水平,觀塘月華街 633呎 租$17000+位$2250,9.0,9900.0,6.0,基督教香港信義會宏信書院,6.0,8.0,9.4,2.0,10.0,,,,3,506,https://www.chsc.hk/psp2026/sch_detail.php?lang_id=2&sch_id=506&return_page=sch_list.php%3Flang_id%3D2%26search_mode%3D%26frmMode%3Dpagebreak%26district_id%3D18%26sort_id%3D-1
80,62,71,博愛醫院歷屆總理聯誼會鄭任安夫人千禧小學,A.D.&F.D. of Pok Oi Hospital Mrs. Cheng Yam On Millennium Sch.,男女校,是,屯門區,71,資助,7.2,7.47,7.32,9.6,9.6,9.7,9.4,9.9,28,8500,17724,1800,19524,5.38,4.3,-20.0,1.4,23.1,同現址水平,觀塘月華街 633呎 租$17000+位$2250,6.0,6880.0,3.0,無,3.0,8.0,9.8,6.6,5.4,,,,4,348,https://www.chsc.hk/psp2026/sch_detail.php?lang_id=2&sch_id=348&return_page=sch_list.php%3Flang_id%3D2%26search_mode%3D%26frmMode%3Dpagebreak%26district_id%3D17%26sort_id%3D-1
25,63,33,浸信會沙田圍呂明才小學,Baptist (Sha Tin Wai) Lui Ming Choi Primary School,男女校,是,沙田區,91,資助,7.46,7.46,7.5,7.7,7.7,7.7,7.5,7.8,36,11500,22788,2000,24788,7.28,34.0,-11.1,28.8,66.6,搬屋更貴,觀塘月華街 633呎 租$17000+位$2250,7.5,7500.0,5.0,浸信會呂明才中學,5.0,8.0,10.0,6.6,5.4,,,,4,325,https://www.chsc.hk/psp2026/sch_detail.php?lang_id=2&sch_id=325&return_page=sch_list.php%3Flang_id%3D2%26search_mode%3D%26frmMode%3Dpagebreak%26district_id%3D13%26sort_id%3D-1
37,64,42,保良局田家炳千禧小學,Po Leung Kuk Tin Ka Ping Millennium Primary School,男女校,是,大埔區,84,資助,7.37,7.45,7.45,8.6,8.6,8.7,8.4,8.9,32,10000,20256,1900,22156,6.33,19.2,-15.6,15.1,44.9,搬屋更貴,觀塘月華街 633呎 租$17000+位$2250,9.0,9370.0,3.0,無,3.0,8.0,10.0,6.6,5.4,,,,3,366,https://www.chsc.hk/psp2026/sch_detail.php?lang_id=2&sch_id=366&return_page=sch_list.php%3Flang_id%3D2%26search_mode%3D%26frmMode%3Dpagebreak%26district_id%3D14%26sort_id%3D-1
77,65,70,十八鄉鄉事委員會公益社小學,Shap Pat Heung Rural Committee Kung Yik She Primary School,男女校,是,元朗區,72,資助,7.21,7.45,7.32,9.4,9.4,9.5,9.2,9.7,29,8800,18357,1800,20157,5.57,8.0,-20.0,4.7,27.5,同現址水平,觀塘月華街 633呎 租$17000+位$2250,6.0,5300.0,3.0,無,3.0,8.0,10.0,6.6,5.4,,,,4,495,https://www.chsc.hk/psp2026/sch_detail.php?lang_id=2&sch_id=495&return_page=sch_list.php%3Flang_id%3D2%26search_mode%3D%26frmMode%3Dpagebreak%26district_id%3D18%26sort_id%3D-1
78,66,72,基督教培恩小學,Christian Pui Yan Primary School,男女校,是,元朗區,72,資助,7.21,7.45,7.32,9.4,9.4,9.5,9.2,9.7,29,8800,18357,1800,20157,5.57,8.0,-20.0,4.7,27.5,同現址水平,觀塘月華街 633呎 租$17000+位$2250,6.0,6100.0,3.0,無,3.0,8.0,10.0,6.6,5.4,,,,3,473,https://www.chsc.hk/psp2026/sch_detail.php?lang_id=2&sch_id=473&return_page=sch_list.php%3Flang_id%3D2%26search_mode%3D%26frmMode%3Dpagebreak%26district_id%3D18%26sort_id%3D-1
50,67,59,大埔官立小學,Tai Po Government Primary School,男女校,是,大埔區,84,官立,7.29,7.45,7.37,8.6,8.6,8.7,8.4,8.9,32,10000,20256,1900,22156,6.33,19.2,-15.6,15.1,44.9,搬屋更貴,觀塘月華街 633呎 租$17000+位$2250,6.0,5046.0,5.0,新界鄉議局大埔區中學、粉嶺官立中學,5.0,8.0,9.2,6.6,5.4,,,,2,380,https://www.chsc.hk/psp2026/sch_detail.php?lang_id=2&sch_id=380&return_page=sch_list.php%3Flang_id%3D2%26search_mode%3D%26frmMode%3Dpagebreak%26district_id%3D14%26sort_id%3D-1
79,68,73,宣道會葉紹蔭紀念小學,Christian Alliance S.Y. Yeh Memorial Primary School,男女校,是,元朗區,72,資助,7.21,7.45,7.32,9.4,9.4,9.5,9.2,9.7,29,8800,18357,1800,20157,5.57,8.0,-20.0,4.7,27.5,同現址水平,觀塘月華街 633呎 租$17000+位$2250,6.0,6200.0,3.0,無,3.0,8.0,10.0,6.6,5.4,,,,3,493,https://www.chsc.hk/psp2026/sch_detail.php?lang_id=2&sch_id=493&return_page=sch_list.php%3Flang_id%3D2%26search_mode%3D%26frmMode%3Dpagebreak%26district_id%3D18%26sort_id%3D-1
51,69,55,聖公會何澤芸小學,S.K.H. Ho Chak Wan Primary School,男女校,是,葵青區,66,資助,7.29,7.45,7.39,9.0,9.0,9.0,8.8,9.1,31,9500,19623,1900,21523,6.01,15.4,-15.6,11.8,37.5,視租買取向,觀塘月華街 633呎 租$17000+位$2250,7.5,7000.0,3.0,無,3.0,8.0,10.0,6.6,5.4,,,,4,159,https://www.chsc.hk/psp2026/sch_detail.php?lang_id=2&sch_id=159&return_page=sch_list.php%3Flang_id%3D2%26search_mode%3D%26frmMode%3Dpagebreak%26district_id%3D15%26sort_id%3D-1
52,70,56,聖公會青衣主恩小學,S.K.H. Tsing Yi Chu Yan Primary School,男女校,是,葵青區,66,資助,7.29,7.45,7.39,9.0,9.0,9.0,8.8,9.1,31,9500,19623,1900,21523,6.01,15.4,-15.6,11.8,37.5,視租買取向,觀塘月華街 633呎 租$17000+位$2250,7.5,7300.0,3.0,無,3.0,8.0,10.0,6.6,5.4,,,,4,160,https://www.chsc.hk/psp2026/sch_detail.php?lang_id=2&sch_id=160&return_page=sch_list.php%3Flang_id%3D2%26search_mode%3D%26frmMode%3Dpagebreak%26district_id%3D15%26sort_id%3D-1
102,71,98,青山天主教小學,Castle Peak Catholic Primary School,男女校,是,屯門區,71,資助,7.08,7.43,7.2,9.6,9.6,9.7,9.4,9.9,28,8500,17724,1800,19524,5.38,4.3,-20.0,1.4,23.1,同現址水平,觀塘月華街 633呎 租$17000+位$2250,3.0,2200.0,5.0,屯門天主教中學,5.0,8.0,8.8,6.6,5.4,,,,2,349,https://www.chsc.hk/psp2026/sch_detail.php?lang_id=2&sch_id=349&return_page=sch_list.php%3Flang_id%3D2%26search_mode%3D%26frmMode%3Dpagebreak%26district_id%3D17%26sort_id%3D-1
44,72,50,慈雲山聖文德天主教小學,Tsz Wan Shan St Bonaventure Catholic Primary School,男女校,是,黃大仙區,45,資助,7.35,7.42,7.41,8.1,8.1,7.9,8.4,8.0,35,10000,22155,2250,24405,6.33,30.3,0.0,26.8,44.9,搬屋更貴,觀塘月華街 633呎 租$17000+位$2250,7.5,7908.0,5.0,聖文德書院,5.0,8.0,9.2,6.6,5.4,,,,3,429,https://www.chsc.hk/psp2026/sch_detail.php?lang_id=2&sch_id=429&return_page=sch_list.php%3Flang_id%3D2%26search_mode%3D%26frmMode%3Dpagebreak%26district_id%3D10%26sort_id%3D-1
61,73,39,播道書院,Evangel College,男女校,是,西貢區,/,直資,7.26,7.42,7.46,7.2,7.2,7.2,7.2,7.3,38,12000,24054,2100,26154,7.6,41.5,-6.7,35.9,73.9,搬屋更貴,觀塘月華街 633呎 租$17000+位$2250,10.0,14380.0,10.0,播道書院,10.0,8.0,8.0,2.0,10.0,,,,1,235,https://www.chsc.hk/psp2026/sch_detail.php?lang_id=2&sch_id=235&return_page=sch_list.php%3Flang_id%3D2%26search_mode%3D%26frmMode%3Dpagebreak%26district_id%3D8%26sort_id%3D-1
88,74,81,佛教陳榮根紀念學校,Buddhist Chan Wing Kan Memorial School,男女校,是,元朗區,73,資助,7.17,7.41,7.28,9.4,9.4,9.5,9.2,9.7,29,8800,18357,1800,20157,5.57,8.0,-20.0,4.7,27.5,同現址水平,觀塘月華街 633呎 租$17000+位$2250,6.0,5400.0,3.0,無,3.0,8.0,9.8,6.6,5.4,,,,4,486,https://www.chsc.hk/psp2026/sch_detail.php?lang_id=2&sch_id=486&return_page=sch_list.php%3Flang_id%3D2%26search_mode%3D%26frmMode%3Dpagebreak%26district_id%3D18%26sort_id%3D-1
81,75,74,惇裕學校,Tun Yu School,男女校,是,元朗區,74,資助,7.2,7.41,7.32,9.4,9.4,9.5,9.2,9.7,29,8800,18357,1800,20157,5.57,8.0,-20.0,4.7,27.5,同現址水平,觀塘月華街 633呎 租$17000+位$2250,9.0,10000.0,3.0,無,3.0,8.0,8.6,6.6,5.4,,,,2,458,https://www.chsc.hk/psp2026/sch_detail.php?lang_id=2&sch_id=458&return_page=sch_list.php%3Flang_id%3D2%26search_mode%3D%26frmMode%3Dpagebreak%26district_id%3D18%26sort_id%3D-1
90,76,82,獅子會何德心小學,Lions Clubs International Ho Tak Sum Primary School,男女校,是,元朗區,72,資助,7.17,7.41,7.28,9.4,9.4,9.5,9.2,9.7,29,8800,18357,1800,20157,5.57,8.0,-20.0,4.7,27.5,同現址水平,觀塘月華街 633呎 租$17000+位$2250,6.0,6200.0,3.0,無,3.0,8.0,9.8,6.6,5.4,,,,4,474,https://www.chsc.hk/psp2026/sch_detail.php?lang_id=2&sch_id=474&return_page=sch_list.php%3Flang_id%3D2%26search_mode%3D%26frmMode%3Dpagebreak%26district_id%3D18%26sort_id%3D-1
94,77,92,南元朗官立小學,South Yuen Long Government Primary School,男女校,是,元朗區,73,官立,7.11,7.39,7.22,9.4,9.4,9.5,9.2,9.7,29,8800,18357,1800,20157,5.57,8.0,-20.0,4.7,27.5,同現址水平,觀塘月華街 633呎 租$17000+位$2250,6.0,6289.0,5.0,新界鄉議局元朗區中學、趙聿修紀念中學、天水圍官立中學,5.0,8.0,7.7,6.6,5.4,,,,2,505,https://www.chsc.hk/psp2026/sch_detail.php?lang_id=2&sch_id=505&return_page=sch_list.php%3Flang_id%3D2%26search_mode%3D%26frmMode%3Dpagebreak%26district_id%3D18%26sort_id%3D-1
111,78,107,路德會呂祥光小學,Lui Cheung Kwong Lutheran Primary School,男女校,是,屯門區,71,資助,7.04,7.39,7.16,9.6,9.6,9.7,9.4,9.9,28,8500,17724,1800,19524,5.38,4.3,-20.0,1.4,23.1,同現址水平,觀塘月華街 633呎 租$17000+位$2250,3.0,2208.0,5.0,路德會呂祥光中學,5.0,8.0,8.6,6.6,5.4,,,,3,362,https://www.chsc.hk/psp2026/sch_detail.php?lang_id=2&sch_id=362&return_page=sch_list.php%3Flang_id%3D2%26search_mode%3D%26frmMode%3Dpagebreak%26district_id%3D17%26sort_id%3D-1
65,79,79,靈糧堂秀德小學,Ling Liang Church Sau Tak Primary School,男女校,是,離島區,98,資助,7.24,7.39,7.31,8.4,8.4,8.7,7.8,8.8,32,11000,20256,2000,22256,6.96,19.2,-11.1,15.6,59.3,搬屋更貴,觀塘月華街 633呎 租$17000+位$2250,6.0,6200.0,6.0,靈糧堂怡文中學,6.0,8.0,8.2,6.6,5.4,,,,2,68,https://www.chsc.hk/psp2026/sch_detail.php?lang_id=2&sch_id=68&return_page=sch_list.php%3Flang_id%3D2%26search_mode%3D%26frmMode%3Dpagebreak%26district_id%3D3%26sort_id%3D-1
107,80,104,天主教佑華小學,Our Lady of China Catholic Primary School,男女校,是,觀塘區,48,資助,7.05,7.38,7.17,10.0,10.0,10.0,10.0,10.0,27,7500,17091,2250,19341,4.75,0.5,0.0,0.5,8.7,留現址(校網48),觀塘月華街 633呎 租$17000+位$2250,4.5,4000.0,3.0,無,3.0,8.0,9.0,7.1,4.9,,,,2,119,https://www.chsc.hk/psp2026/sch_detail.php?lang_id=2&sch_id=119&return_page=sch_list.php%3Flang_id%3D2%26search_mode%3D%26frmMode%3Dpagebreak%26district_id%3D7%26sort_id%3D-1
99,81,97,藍田循道衞理小學,Lam Tin Methodist Primary School,男女校,是,觀塘區,48,資助,7.09,7.38,7.2,10.0,10.0,10.0,10.0,10.0,27,7500,17091,2250,19341,4.75,0.5,0.0,0.5,8.7,留現址(校網48),觀塘月華街 633呎 租$17000+位$2250,7.5,7210.0,3.0,無,3.0,8.0,7.8,7.1,4.9,,,,1,125,https://www.chsc.hk/psp2026/sch_detail.php?lang_id=2&sch_id=125&return_page=sch_list.php%3Flang_id%3D2%26search_mode%3D%26frmMode%3Dpagebreak%26district_id%3D7%26sort_id%3D-1
133,82,121,保良局方王錦全小學,P.L.K. Fong Wong Kam Chuen Primary School,男女校,是,屯門區,70,資助,6.98,7.37,7.1,9.6,9.6,9.7,9.4,9.9,28,8500,17724,1800,19524,5.38,4.3,-20.0,1.4,23.1,同現址水平,觀塘月華街 633呎 租$17000+位$2250,3.0,1800.0,7.0,保良局百周年李兆忠紀念中學、保良局董玉娣中學,7.0,8.0,6.5,6.6,5.4,,,,1,360,https://www.chsc.hk/psp2026/sch_detail.php?lang_id=2&sch_id=360&return_page=sch_list.php%3Flang_id%3D2%26search_mode%3D%26frmMode%3Dpagebreak%26district_id%3D17%26sort_id%3D-1
60,83,43,拔萃男書院附屬小學,Diocesan Boys' School Primary Division,男校,是,九龍城區,/,直資,7.26,7.37,7.45,6.7,6.7,6.7,6.6,6.7,40,13000,25320,2400,27720,8.23,48.9,6.7,44.0,88.3,搬屋更貴,觀塘月華街 633呎 租$17000+位$2250,9.0,10977.0,10.0,拔萃男書院,10.0,8.0,8.9,2.0,10.0,,,,2,78,https://www.chsc.hk/psp2026/sch_detail.php?lang_id=2&sch_id=78&return_page=sch_list.php%3Flang_id%3D2%26search_mode%3D%26frmMode%3Dpagebreak%26district_id%3D6%26sort_id%3D-1
43,84,51,聖母無玷聖心學校,Immaculate Heart of Mary School,男女校,是,沙田區,88,資助,7.36,7.36,7.41,7.7,7.7,7.7,7.5,7.8,36,11500,22788,2000,24788,7.28,34.0,-11.1,28.8,66.6,搬屋更貴,觀塘月華街 633呎 租$17000+位$2250,9.0,10400.0,5.0,聖母無玷聖心書院,5.0,8.0,8.9,6.6,5.4,,,,3,318,https://www.chsc.hk/psp2026/sch_detail.php?lang_id=2&sch_id=318&return_page=sch_list.php%3Flang_id%3D2%26search_mode%3D%26frmMode%3Dpagebreak%26district_id%3D13%26sort_id%3D-1
103,85,101,博愛醫院歷屆總理聯誼會鄭任安夫人學校,A.D. & F.D. of Pok Oi Hospital Mrs Cheng Yam On School,男女校,是,屯門區,71,資助,7.07,7.35,7.19,9.6,9.6,9.7,9.4,9.9,28,8500,17724,1800,19524,5.38,4.3,-20.0,1.4,23.1,同現址水平,觀塘月華街 633呎 租$17000+位$2250,6.0,5000.0,3.0,無,3.0,8.0,9.2,6.6,5.4,,,,2,347,https://www.chsc.hk/psp2026/sch_detail.php?lang_id=2&sch_id=347&return_page=sch_list.php%3Flang_id%3D2%26search_mode%3D%26frmMode%3Dpagebreak%26district_id%3D17%26sort_id%3D-1
89,86,83,打鼓嶺嶺英公立學校,Ta Ku Ling Ling Ying Public School,男女校,是,北區,81,資助,7.17,7.35,7.27,9.2,9.2,9.2,9.1,9.4,30,9000,18990,1800,20790,5.7,11.7,-20.0,8.0,30.4,視租買取向,觀塘月華街 633呎 租$17000+位$2250,9.0,10000.0,3.0,無,3.0,8.0,8.6,6.6,5.4,,,,2,195,https://www.chsc.hk/psp2026/sch_detail.php?lang_id=2&sch_id=195&return_page=sch_list.php%3Flang_id%3D2%26search_mode%3D%26frmMode%3Dpagebreak%26district_id%3D12%26sort_id%3D-1
114,87,111,基督教聖約教會堅樂小學,The Mission Covenant Church Holm Glad Primary School,男女校,是,觀塘區,48,資助,7.02,7.34,7.14,10.0,10.0,10.0,10.0,10.0,27,7500,17091,2250,19341,4.75,0.5,0.0,0.5,8.7,留現址(校網48),觀塘月華街 633呎 租$17000+位$2250,6.0,6200.0,3.0,無,3.0,8.0,8.2,7.1,4.9,,,,2,122,https://www.chsc.hk/psp2026/sch_detail.php?lang_id=2&sch_id=122&return_page=sch_list.php%3Flang_id%3D2%26search_mode%3D%26frmMode%3Dpagebreak%26district_id%3D7%26sort_id%3D-1
115,88,113,聖公會基樂小學,S.K.H. Kei Lok Primary School,男女校,是,觀塘區,48,資助,7.02,7.34,7.14,10.0,10.0,10.0,10.0,10.0,27,7500,17091,2250,19341,4.75,0.5,0.0,0.5,8.7,留現址(校網48),觀塘月華街 633呎 租$17000+位$2250,6.0,5000.0,3.0,無,3.0,8.0,8.2,7.1,4.9,,,,2,134,https://www.chsc.hk/psp2026/sch_detail.php?lang_id=2&sch_id=134&return_page=sch_list.php%3Flang_id%3D2%26search_mode%3D%26frmMode%3Dpagebreak%26district_id%3D7%26sort_id%3D-1
97,89,102,福榮街官立小學,Fuk Wing Street Government Primary School,男女校,是,深水埗區,40,官立,7.1,7.33,7.18,8.6,8.6,8.5,8.8,8.5,33,9500,20889,2200,23089,6.01,22.9,-2.2,19.9,37.5,搬屋更貴,觀塘月華街 633呎 租$17000+位$2250,4.5,4112.0,7.0,荃灣官立中學、何文田官立中學、九龍工業學校、賽馬會官立中學,7.0,8.0,7.2,6.6,5.4,,,,1,261,https://www.chsc.hk/psp2026/sch_detail.php?lang_id=2&sch_id=261&return_page=sch_list.php%3Flang_id%3D2%26search_mode%3D%26frmMode%3Dpagebreak%26district_id%3D9%26sort_id%3D-1
105,90,103,中華基督教青年會小學,Chinese Y.M.C.A. Primary School,男女校,是,元朗區,72,資助,7.06,7.31,7.17,9.4,9.4,9.5,9.2,9.7,29,8800,18357,1800,20157,5.57,8.0,-20.0,4.7,27.5,同現址水平,觀塘月華街 633呎 租$17000+位$2250,6.0,5575.0,3.0,無,3.0,8.0,9.3,6.6,5.4,,,,4,468,https://www.chsc.hk/psp2026/sch_detail.php?lang_id=2&sch_id=468&return_page=sch_list.php%3Flang_id%3D2%26search_mode%3D%26frmMode%3Dpagebreak%26district_id%3D18%26sort_id%3D-1
112,91,109,聖公會蒙恩小學,S.K.H. Mung Yan Primary School,男女校,是,屯門區,71,資助,7.03,7.31,7.15,9.6,9.6,9.7,9.4,9.9,28,8500,17724,1800,19524,5.38,4.3,-20.0,1.4,23.1,同現址水平,觀塘月華街 633呎 租$17000+位$2250,6.0,5456.0,3.0,無,3.0,8.0,9.0,6.6,5.4,,,,3,363,https://www.chsc.hk/psp2026/sch_detail.php?lang_id=2&sch_id=363&return_page=sch_list.php%3Flang_id%3D2%26search_mode%3D%26frmMode%3Dpagebreak%26district_id%3D17%26sort_id%3D-1
35,92,53,西貢崇真天主教學校（小學部）,Sai Kung Sung Tsun Catholic School (Primary Section),男女校,是,西貢區,95,資助,7.38,7.31,7.4,7.2,7.2,7.2,7.2,7.3,38,12000,24054,2100,26154,7.6,41.5,-6.7,35.9,73.9,搬屋更貴,觀塘月華街 633呎 租$17000+位$2250,10.0,15000.0,6.0,西貢崇真天主教學校（中學部）,6.0,8.0,8.0,6.6,5.4,,,,1,232,https://www.chsc.hk/psp2026/sch_detail.php?lang_id=2&sch_id=232&return_page=sch_list.php%3Flang_id%3D2%26search_mode%3D%26frmMode%3Dpagebreak%26district_id%3D8%26sort_id%3D-1
113,93,110,香港路德會增城兆霖學校,Lutheran Tsang Shing Siu Leun School,男女校,是,屯門區,70,資助,7.03,7.31,7.15,9.6,9.6,9.7,9.4,9.9,28,8500,17724,1800,19524,5.38,4.3,-20.0,1.4,23.1,同現址水平,觀塘月華街 633呎 租$17000+位$2250,6.0,5800.0,3.0,無,3.0,8.0,9.0,6.6,5.4,,,,3,359,https://www.chsc.hk/psp2026/sch_detail.php?lang_id=2&sch_id=359&return_page=sch_list.php%3Flang_id%3D2%26search_mode%3D%26frmMode%3Dpagebreak%26district_id%3D17%26sort_id%3D-1
53,94,64,中華基督教會基慈小學,The Church of Christ in China Kei Tsz Primary School,男女校,是,黃大仙區,45,資助,7.28,7.3,7.34,8.1,8.1,7.9,8.4,8.0,35,10000,22155,2250,24405,6.33,30.3,0.0,26.8,44.9,搬屋更貴,觀塘月華街 633呎 租$17000+位$2250,9.0,10000.0,3.0,無,3.0,8.0,10.0,6.6,5.4,,,,4,441,https://www.chsc.hk/psp2026/sch_detail.php?lang_id=2&sch_id=441&return_page=sch_list.php%3Flang_id%3D2%26search_mode%3D%26frmMode%3Dpagebreak%26district_id%3D10%26sort_id%3D-1
86,95,87,天主教伍華小學,Ng Wah Catholic Primary School,男女校,是,黃大仙區,43,資助,7.19,7.3,7.25,8.1,8.1,7.9,8.4,8.0,35,10000,22155,2250,24405,6.33,30.3,0.0,26.8,44.9,搬屋更貴,觀塘月華街 633呎 租$17000+位$2250,6.0,5300.0,5.5,天主教伍華中學,6.0,8.0,8.4,6.6,5.4,,,,1,446,https://www.chsc.hk/psp2026/sch_detail.php?lang_id=2&sch_id=446&return_page=sch_list.php%3Flang_id%3D2%26search_mode%3D%26frmMode%3Dpagebreak%26district_id%3D10%26sort_id%3D-1
55,96,75,東莞工商總會張煌偉小學,G.C.C.I.T.K.D. Cheong Wong Wai Primary School,男女校,是,沙田區,88,資助,7.28,7.3,7.32,7.7,7.7,7.7,7.5,7.8,36,11500,22788,2000,24788,7.28,34.0,-11.1,28.8,66.6,搬屋更貴,觀塘月華街 633呎 租$17000+位$2250,7.5,7000.0,5.0,東莞工商總會劉百樂中學,5.0,8.0,9.2,6.6,5.4,,,,3,317,https://www.chsc.hk/psp2026/sch_detail.php?lang_id=2&sch_id=317&return_page=sch_list.php%3Flang_id%3D2%26search_mode%3D%26frmMode%3Dpagebreak%26district_id%3D13%26sort_id%3D-1
141,97,120,九龍灣聖若翰天主教小學,Kowloon Bay St. John The Baptist Catholic Primary School,男女校,是,觀塘區,46,資助,6.95,7.29,7.1,10.0,10.0,10.0,10.0,10.0,27,7500,17091,2250,19341,4.75,0.5,0.0,0.5,8.7,同現址水平,觀塘月華街 633呎 租$17000+位$2250,7.5,7285.0,3.0,無,3.0,8.0,7.9,6.3,5.7,,,,2,126,https://www.chsc.hk/psp2026/sch_detail.php?lang_id=2&sch_id=126&return_page=sch_list.php%3Flang_id%3D2%26search_mode%3D%26frmMode%3Dpagebreak%26district_id%3D7%26sort_id%3D-1
95,98,93,慈幼葉漢千禧小學,Salesian Yip Hon Millennium Primary School,男女校,是,葵青區,64,資助,7.11,7.29,7.21,9.0,9.0,9.0,8.8,9.1,31,9500,19623,1900,21523,6.01,15.4,-15.6,11.8,37.5,視租買取向,觀塘月華街 633呎 租$17000+位$2250,7.5,7800.0,3.0,無,3.0,8.0,9.2,6.6,5.4,,,,3,157,https://www.chsc.hk/psp2026/sch_detail.php?lang_id=2&sch_id=157&return_page=sch_list.php%3Flang_id%3D2%26search_mode%3D%26frmMode%3Dpagebreak%26district_id%3D15%26sort_id%3D-1
101,99,106,港九街坊婦女會孫方中小學,HKKKWA Sun Fong Chung Primary School,男女校,是,大埔區,84,資助,7.08,7.29,7.16,8.6,8.6,8.7,8.4,8.9,32,10000,20256,1900,22156,6.33,19.2,-15.6,15.1,44.9,搬屋更貴,觀塘月華街 633呎 租$17000+位$2250,4.5,4000.0,6.0,港九街坊婦女會孫方中書院,6.0,8.0,8.0,6.6,5.4,,,,2,379,https://www.chsc.hk/psp2026/sch_detail.php?lang_id=2&sch_id=379&return_page=sch_list.php%3Flang_id%3D2%26search_mode%3D%26frmMode%3Dpagebreak%26district_id%3D14%26sort_id%3D-1
96,100,96,聖公會青衣邨何澤芸小學,S.K.H. Tsing Yi Estate Ho Chak Wan Primary School,男女校,是,葵青區,66,資助,7.11,7.29,7.21,9.0,9.0,9.0,8.8,9.1,31,9500,19623,1900,21523,6.01,15.4,-15.6,11.8,37.5,視租買取向,觀塘月華街 633呎 租$17000+位$2250,7.5,7100.0,3.0,無,3.0,8.0,9.2,6.6,5.4,,,,3,177,https://www.chsc.hk/psp2026/sch_detail.php?lang_id=2&sch_id=177&return_page=sch_list.php%3Flang_id%3D2%26search_mode%3D%26frmMode%3Dpagebreak%26district_id%3D15%26sort_id%3D-1
73,101,85,沙田官立小學,Shatin Government Primary School,男女校,是,沙田區,88,官立,7.22,7.28,7.26,7.7,7.7,7.7,7.5,7.8,36,11500,22788,2000,24788,7.28,34.0,-11.1,28.8,66.6,搬屋更貴,觀塘月華街 633呎 租$17000+位$2250,7.5,7511.0,7.0,沙田官立中學、梁文燕紀念中學,7.0,8.0,7.1,6.6,5.4,,,,1,294,https://www.chsc.hk/psp2026/sch_detail.php?lang_id=2&sch_id=294&return_page=sch_list.php%3Flang_id%3D2%26search_mode%3D%26frmMode%3Dpagebreak%26district_id%3D13%26sort_id%3D-1
82,102,84,救世軍林拔中紀念學校,The Salvation Army Lam Butt Chung Memorial School,男女校,是,離島區,98,資助,7.2,7.27,7.27,8.4,8.4,8.7,7.8,8.8,32,11000,20256,2000,22256,6.96,19.2,-11.1,15.6,59.3,搬屋更貴,觀塘月華街 633呎 租$17000+位$2250,9.0,10000.0,3.0,無,3.0,8.0,9.4,6.6,5.4,,,,3,66,https://www.chsc.hk/psp2026/sch_detail.php?lang_id=2&sch_id=66&return_page=sch_list.php%3Flang_id%3D2%26search_mode%3D%26frmMode%3Dpagebreak%26district_id%3D3%26sort_id%3D-1
119,103,116,伊利沙伯中學舊生會小學,Q.E.S. Old Students' Association Primary School,男女校,是,元朗區,72,資助,7.01,7.25,7.12,9.4,9.4,9.5,9.2,9.7,29,8800,18357,1800,20157,5.57,8.0,-20.0,4.7,27.5,同現址水平,觀塘月華街 633呎 租$17000+位$2250,7.5,7800.0,3.0,無,3.0,8.0,8.4,6.6,5.4,,,,2,477,https://www.chsc.hk/psp2026/sch_detail.php?lang_id=2&sch_id=477&return_page=sch_list.php%3Flang_id%3D2%26search_mode%3D%26frmMode%3Dpagebreak%26district_id%3D18%26sort_id%3D-1
128,104,122,光明學校,Kwong Ming School,男女校,是,元朗區,73,資助,6.99,7.25,7.1,9.4,9.4,9.5,9.2,9.7,29,8800,18357,1800,20157,5.57,8.0,-20.0,4.7,27.5,同現址水平,觀塘月華街 633呎 租$17000+位$2250,6.0,5000.0,3.0,無,3.0,8.0,9.0,6.6,5.4,,,,3,462,https://www.chsc.hk/psp2026/sch_detail.php?lang_id=2&sch_id=462&return_page=sch_list.php%3Flang_id%3D2%26search_mode%3D%26frmMode%3Dpagebreak%26district_id%3D18%26sort_id%3D-1
120,105,117,八鄉中心小學,Pat Heung Central Primary School,男女校,是,元朗區,74,資助,7.01,7.25,7.12,9.4,9.4,9.5,9.2,9.7,29,8800,18357,1800,20157,5.57,8.0,-20.0,4.7,27.5,同現址水平,觀塘月華街 633呎 租$17000+位$2250,7.5,7200.0,3.0,無,3.0,8.0,8.4,6.6,5.4,,,,2,488,https://www.chsc.hk/psp2026/sch_detail.php?lang_id=2&sch_id=488&return_page=sch_list.php%3Flang_id%3D2%26search_mode%3D%26frmMode%3Dpagebreak%26district_id%3D18%26sort_id%3D-1
129,106,123,樂善堂梁銶琚學校,Lok Sin Tong Leung Kau Kui Primary School,男女校,是,元朗區,72,資助,6.99,7.25,7.1,9.4,9.4,9.5,9.2,9.7,29,8800,18357,1800,20157,5.57,8.0,-20.0,4.7,27.5,同現址水平,觀塘月華街 633呎 租$17000+位$2250,6.0,5060.0,3.0,無,3.0,8.0,9.0,6.6,5.4,,,,3,475,https://www.chsc.hk/psp2026/sch_detail.php?lang_id=2&sch_id=475&return_page=sch_list.php%3Flang_id%3D2%26search_mode%3D%26frmMode%3Dpagebreak%26district_id%3D18%26sort_id%3D-1
130,107,124,樂善堂梁銶琚學校（分校）,L.S.T. Leung Kau Kui Primary School (Branch),男女校,是,元朗區,72,資助,6.99,7.25,7.1,9.4,9.4,9.5,9.2,9.7,29,8800,18357,1800,20157,5.57,8.0,-20.0,4.7,27.5,同現址水平,觀塘月華街 633呎 租$17000+位$2250,6.0,6200.0,3.0,無,3.0,8.0,9.0,6.6,5.4,,,,3,498,https://www.chsc.hk/psp2026/sch_detail.php?lang_id=2&sch_id=498&return_page=sch_list.php%3Flang_id%3D2%26search_mode%3D%26frmMode%3Dpagebreak%26district_id%3D18%26sort_id%3D-1
131,108,125,潮陽百欣小學,Chiu Yang Por Yen Primary School,男女校,是,元朗區,72,資助,6.99,7.25,7.1,9.4,9.4,9.5,9.2,9.7,29,8800,18357,1800,20157,5.57,8.0,-20.0,4.7,27.5,同現址水平,觀塘月華街 633呎 租$17000+位$2250,6.0,6041.0,3.0,無,3.0,8.0,9.0,6.6,5.4,,,,3,469,https://www.chsc.hk/psp2026/sch_detail.php?lang_id=2&sch_id=469&return_page=sch_list.php%3Flang_id%3D2%26search_mode%3D%26frmMode%3Dpagebreak%26district_id%3D18%26sort_id%3D-1
150,109,141,路德會聖馬太學校（秀茂坪）,St. Matthew's Lutheran School (Sau Mau Ping),男女校,是,觀塘區,48,資助,6.91,7.25,7.03,10.0,10.0,10.0,10.0,10.0,27,7500,17091,2250,19341,4.75,0.5,0.0,0.5,8.7,留現址(校網48),觀塘月華街 633呎 租$17000+位$2250,6.0,5000.0,3.0,無,3.0,8.0,7.7,7.1,4.9,,,,2,142,https://www.chsc.hk/psp2026/sch_detail.php?lang_id=2&sch_id=142&return_page=sch_list.php%3Flang_id%3D2%26search_mode%3D%26frmMode%3Dpagebreak%26district_id%3D7%26sort_id%3D-1
132,110,128,鐘聲學校,Chung Sing School,男女校,是,元朗區,74,資助,6.99,7.25,7.1,9.4,9.4,9.5,9.2,9.7,29,8800,18357,1800,20157,5.57,8.0,-20.0,4.7,27.5,同現址水平,觀塘月華街 633呎 租$17000+位$2250,6.0,6220.0,3.0,無,3.0,8.0,9.0,6.6,5.4,,,,3,487,https://www.chsc.hk/psp2026/sch_detail.php?lang_id=2&sch_id=487&return_page=sch_list.php%3Flang_id%3D2%26search_mode%3D%26frmMode%3Dpagebreak%26district_id%3D18%26sort_id%3D-1
124,111,119,香港青年協會李兆基小學,HKFYG Lee Shau Kee Primary School,男女校,是,元朗區,72,資助,7.01,7.25,7.12,9.4,9.4,9.5,9.2,9.7,29,8800,18357,1800,20157,5.57,8.0,-20.0,4.7,27.5,同現址水平,觀塘月華街 633呎 租$17000+位$2250,7.5,7000.0,3.0,無,3.0,8.0,8.4,6.6,5.4,,,,2,471,https://www.chsc.hk/psp2026/sch_detail.php?lang_id=2&sch_id=471&return_page=sch_list.php%3Flang_id%3D2%26search_mode%3D%26frmMode%3Dpagebreak%26district_id%3D18%26sort_id%3D-1
163,112,155,仁濟醫院何式南小學,Y.C.H. Ho Sik Nam Primary School,男女校,是,屯門區,71,資助,6.86,7.23,6.98,9.6,9.6,9.7,9.4,9.9,28,8500,17724,1800,19524,5.38,4.3,-20.0,1.4,23.1,同現址水平,觀塘月華街 633呎 租$17000+位$2250,3.0,2000.0,5.0,仁濟醫院第二中學,5.0,8.0,7.8,6.6,5.4,,,,2,356,https://www.chsc.hk/psp2026/sch_detail.php?lang_id=2&sch_id=356&return_page=sch_list.php%3Flang_id%3D2%26search_mode%3D%26frmMode%3Dpagebreak%26district_id%3D17%26sort_id%3D-1
70,113,89,安博官立小學,Erudite Government Primary School,男女校,是,西貢區,95,官立,7.22,7.23,7.24,7.2,7.2,7.2,7.2,7.3,38,12000,24054,2100,26154,7.6,41.5,-6.7,35.9,73.9,搬屋更貴,觀塘月華街 633呎 租$17000+位$2250,6.0,6000.0,7.0,伊利沙伯中學、何文田官立中學、 賽馬會官立中學、九龍工業學校,7.0,8.0,8.2,6.6,5.4,,,,2,550,https://www.chsc.hk/psp2026/sch_detail.php?lang_id=2&sch_id=550&return_page=sch_list.php%3Flang_id%3D2%26search_mode%3D%26frmMode%3Dpagebreak%26district_id%3D8%26sort_id%3D-1
71,114,90,將軍澳官立小學,Tseung Kwan O Government Primary School,男女校,是,西貢區,95,官立,7.22,7.23,7.24,7.2,7.2,7.2,7.2,7.3,38,12000,24054,2100,26154,7.6,41.5,-6.7,35.9,73.9,搬屋更貴,觀塘月華街 633呎 租$17000+位$2250,6.0,5000.0,7.0,將軍澳官立中學、何文田官立中學、賽馬會官立中學、觀塘功樂官立中學,7.0,8.0,8.2,6.6,5.4,,,,2,233,https://www.chsc.hk/psp2026/sch_detail.php?lang_id=2&sch_id=233&return_page=sch_list.php%3Flang_id%3D2%26search_mode%3D%26frmMode%3Dpagebreak%26district_id%3D8%26sort_id%3D-1
92,115,78,民生書院小學,Munsang College Primary School,男女校,是,九龍城區,/,私立,7.13,7.23,7.31,6.7,6.7,6.7,6.6,6.7,40,13000,25320,2400,27720,8.23,48.9,6.7,44.0,88.3,搬屋更貴,觀塘月華街 633呎 租$17000+位$2250,10.0,15600.0,9.5,民生書院,10.0,8.0,8.0,2.0,10.0,,,,1,104,https://www.chsc.hk/psp2026/sch_detail.php?lang_id=2&sch_id=104&return_page=sch_list.php%3Flang_id%3D2%26search_mode%3D%26frmMode%3Dpagebreak%26district_id%3D6%26sort_id%3D-1
168,116,157,順德聯誼總會胡少渠紀念小學,S.T.F.A. Wu Siu Kui Memorial Primary School,男女校,是,屯門區,71,資助,6.86,7.23,6.98,9.6,9.6,9.7,9.4,9.9,28,8500,17724,1800,19524,5.38,4.3,-20.0,1.4,23.1,同現址水平,觀塘月華街 633呎 租$17000+位$2250,3.0,2000.0,5.0,順德聯誼總會梁銶琚中學、順德聯誼總會譚伯羽中學,5.0,8.0,7.8,6.6,5.4,,,,2,354,https://www.chsc.hk/psp2026/sch_detail.php?lang_id=2&sch_id=354&return_page=sch_list.php%3Flang_id%3D2%26search_mode%3D%26frmMode%3Dpagebreak%26district_id%3D17%26sort_id%3D-1
164,117,144,佐敦谷聖若瑟天主教小學,Jordan Valley St. Joseph's Catholic Primary School,男女校,是,觀塘區,46,資助,6.86,7.22,7.01,10.0,10.0,10.0,10.0,10.0,27,7500,17091,2250,19341,4.75,0.5,0.0,0.5,8.7,同現址水平,觀塘月華街 633呎 租$17000+位$2250,6.0,5500.0,3.0,無,3.0,8.0,8.2,6.3,5.7,,,,2,123,https://www.chsc.hk/psp2026/sch_detail.php?lang_id=2&sch_id=123&return_page=sch_list.php%3Flang_id%3D2%26search_mode%3D%26frmMode%3Dpagebreak%26district_id%3D7%26sort_id%3D-1
165,118,148,浸信宣道會呂明才小學,Conservative Baptist Lui Ming Choi Primary School,男女校,是,觀塘區,46,資助,6.86,7.22,7.01,10.0,10.0,10.0,10.0,10.0,27,7500,17091,2250,19341,4.75,0.5,0.0,0.5,8.7,同現址水平,觀塘月華街 633呎 租$17000+位$2250,6.0,6000.0,3.0,無,3.0,8.0,8.2,6.3,5.7,,,,2,117,https://www.chsc.hk/psp2026/sch_detail.php?lang_id=2&sch_id=117&return_page=sch_list.php%3Flang_id%3D2%26search_mode%3D%26frmMode%3Dpagebreak%26district_id%3D7%26sort_id%3D-1
166,119,150,聖公會九龍灣基樂小學,S.K.H. Kowloon Bay Kei Lok Primary School,男女校,是,觀塘區,46,資助,6.86,7.22,7.01,10.0,10.0,10.0,10.0,10.0,27,7500,17091,2250,19341,4.75,0.5,0.0,0.5,8.7,同現址水平,觀塘月華街 633呎 租$17000+位$2250,6.0,6345.0,3.0,無,3.0,8.0,8.2,6.3,5.7,,,,2,128,https://www.chsc.hk/psp2026/sch_detail.php?lang_id=2&sch_id=128&return_page=sch_list.php%3Flang_id%3D2%26search_mode%3D%26frmMode%3Dpagebreak%26district_id%3D7%26sort_id%3D-1
167,120,152,迦密梁省德學校,Carmel Leung Sing Tak School,男女校,是,觀塘區,46,資助,6.86,7.22,7.01,10.0,10.0,10.0,10.0,10.0,27,7500,17091,2250,19341,4.75,0.5,0.0,0.5,8.7,同現址水平,觀塘月華街 633呎 租$17000+位$2250,6.0,6783.0,3.0,無,3.0,8.0,8.2,6.3,5.7,,,,2,120,https://www.chsc.hk/psp2026/sch_detail.php?lang_id=2&sch_id=120&return_page=sch_list.php%3Flang_id%3D2%26search_mode%3D%26frmMode%3Dpagebreak%26district_id%3D7%26sort_id%3D-1
108,121,88,香港華人基督教聯會真道書院,The HKCCC Union Logos Academy,男女校,是,西貢區,/,直資,7.05,7.22,7.25,7.2,7.2,7.2,7.2,7.3,38,12000,24054,2100,26154,7.6,41.5,-6.7,35.9,73.9,搬屋更貴,觀塘月華街 633呎 租$17000+位$2250,7.5,7000.0,8.0,香港華人基督教聯會真道書院,8.0,8.0,10.0,2.0,10.0,,,,6,230,https://www.chsc.hk/psp2026/sch_detail.php?lang_id=2&sch_id=230&return_page=sch_list.php%3Flang_id%3D2%26search_mode%3D%26frmMode%3Dpagebreak%26district_id%3D8%26sort_id%3D-1
161,122,142,香港道教聯合會雲泉學校,Hong Kong Taoist Association Wun Tsuen School,男女校,是,觀塘區,46,資助,6.88,7.22,7.03,10.0,10.0,10.0,10.0,10.0,27,7500,17091,2250,19341,4.75,0.5,0.0,0.5,8.7,同現址水平,觀塘月華街 633呎 租$17000+位$2250,7.5,7071.0,3.0,無,3.0,8.0,7.6,6.3,5.7,,,,1,118,https://www.chsc.hk/psp2026/sch_detail.php?lang_id=2&sch_id=118&return_page=sch_list.php%3Flang_id%3D2%26search_mode%3D%26frmMode%3Dpagebreak%26district_id%3D7%26sort_id%3D-1
104,123,108,大埔循道衛理小學,Tai Po Methodist School,男女校,是,大埔區,84,資助,7.07,7.21,7.15,8.6,8.6,8.7,8.4,8.9,32,10000,20256,1900,22156,6.33,19.2,-15.6,15.1,44.9,搬屋更貴,觀塘月華街 633呎 租$17000+位$2250,6.0,6000.0,3.0,無,3.0,8.0,10.0,6.6,5.4,,,,4,382,https://www.chsc.hk/psp2026/sch_detail.php?lang_id=2&sch_id=382&return_page=sch_list.php%3Flang_id%3D2%26search_mode%3D%26frmMode%3Dpagebreak%26district_id%3D14%26sort_id%3D-1
100,124,105,香港教育大學賽馬會小學,The Education University of Hong Kong Jockey Club Primary School,男女校,是,大埔區,84,資助,7.09,7.21,7.17,8.6,8.6,8.7,8.4,8.9,32,10000,20256,1900,22156,6.33,19.2,-15.6,15.1,44.9,搬屋更貴,觀塘月華街 633呎 租$17000+位$2250,7.5,7000.0,3.0,無,3.0,8.0,9.4,6.6,5.4,,,,2,370,https://www.chsc.hk/psp2026/sch_detail.php?lang_id=2&sch_id=370&return_page=sch_list.php%3Flang_id%3D2%26search_mode%3D%26frmMode%3Dpagebreak%26district_id%3D14%26sort_id%3D-1
62,125,86,番禺會所華仁小學,Pun U Association Wah Yan Primary School,男校,是,香港東區,14,資助,7.26,7.2,7.26,6.1,6.1,6.1,6.0,6.2,42,14000,26586,2400,28986,8.86,56.4,6.7,50.6,102.7,搬屋更貴,觀塘月華街 633呎 租$17000+位$2250,4.5,4720.0,9.5,香港華仁書院,10.0,8.0,7.8,6.2,5.8,,,,2,416,https://www.chsc.hk/psp2026/sch_detail.php?lang_id=2&sch_id=416&return_page=sch_list.php%3Flang_id%3D2%26search_mode%3D%26frmMode%3Dpagebreak%26district_id%3D2%26sort_id%3D-1
138,126,133,上水惠州公立學校,Wai Chow Public School (Sheung Shui),男女校,是,北區,80,資助,6.96,7.19,7.06,9.2,9.2,9.2,9.1,9.4,30,9000,18990,1800,20790,5.7,11.7,-20.0,8.0,30.4,視租買取向,觀塘月華街 633呎 租$17000+位$2250,6.0,6020.0,3.0,無,3.0,8.0,9.0,6.6,5.4,,,,3,201,https://www.chsc.hk/psp2026/sch_detail.php?lang_id=2&sch_id=201&return_page=sch_list.php%3Flang_id%3D2%26search_mode%3D%26frmMode%3Dpagebreak%26district_id%3D12%26sort_id%3D-1
152,127,143,台山商會學校,Toi Shan Association Primary School,男女校,是,屯門區,70,資助,6.9,7.19,7.02,9.6,9.6,9.7,9.4,9.9,28,8500,17724,1800,19524,5.38,4.3,-20.0,1.4,23.1,同現址水平,觀塘月華街 633呎 租$17000+位$2250,6.0,6806.0,3.0,無,3.0,8.0,8.4,6.6,5.4,,,,2,344,https://www.chsc.hk/psp2026/sch_detail.php?lang_id=2&sch_id=344&return_page=sch_list.php%3Flang_id%3D2%26search_mode%3D%26frmMode%3Dpagebreak%26district_id%3D17%26sort_id%3D-1
136,128,131,東華三院馬錦燦紀念小學,TWGHs Ma Kam Chan Memorial Primary School,男女校,是,北區,80,資助,6.97,7.19,7.08,9.2,9.2,9.2,9.1,9.4,30,9000,18990,1800,20790,5.7,11.7,-20.0,8.0,30.4,視租買取向,觀塘月華街 633呎 租$17000+位$2250,7.5,7200.0,3.0,無,3.0,8.0,8.4,6.6,5.4,,,,2,192,https://www.chsc.hk/psp2026/sch_detail.php?lang_id=2&sch_id=192&return_page=sch_list.php%3Flang_id%3D2%26search_mode%3D%26frmMode%3Dpagebreak%26district_id%3D12%26sort_id%3D-1
171,129,165,聖公會聖約翰曾肇添小學,S.K.H. St. John's Tsang Shiu Tim Primary School,男女校,是,觀塘區,48,資助,6.85,7.19,6.96,10.0,10.0,10.0,10.0,10.0,27,7500,17091,2250,19341,4.75,0.5,0.0,0.5,8.7,留現址(校網48),觀塘月華街 633呎 租$17000+位$2250,6.0,6400.0,3.0,無,3.0,8.0,7.4,7.1,4.9,,,,1,129,https://www.chsc.hk/psp2026/sch_detail.php?lang_id=2&sch_id=129&return_page=sch_list.php%3Flang_id%3D2%26search_mode%3D%26frmMode%3Dpagebreak%26district_id%3D7%26sort_id%3D-1
160,130,153,道教青松小學（湖景邨）,Taoist Ching Chung Primary School (Wu King Estate),男女校,是,屯門區,70,資助,6.88,7.19,7.0,9.6,9.6,9.7,9.4,9.9,28,8500,17724,1800,19524,5.38,4.3,-20.0,1.4,23.1,同現址水平,觀塘月華街 633呎 租$17000+位$2250,4.5,3500.0,3.0,無,3.0,8.0,9.0,6.6,5.4,,,,2,329,https://www.chsc.hk/psp2026/sch_detail.php?lang_id=2&sch_id=329&return_page=sch_list.php%3Flang_id%3D2%26search_mode%3D%26frmMode%3Dpagebreak%26district_id%3D17%26sort_id%3D-1
127,131,135,保良局陳南昌夫人小學,P.L.K. Mrs. Chan Nam Chong Memorial Primary School,男女校,是,黃大仙區,43,資助,6.99,7.18,7.05,8.1,8.1,7.9,8.4,8.0,35,10000,22155,2250,24405,6.33,30.3,0.0,26.8,44.9,搬屋更貴,觀塘月華街 633呎 租$17000+位$2250,3.0,2210.0,7.0,保良局第一張永慶中學,7.0,8.0,7.8,6.6,5.4,,,,2,451,https://www.chsc.hk/psp2026/sch_detail.php?lang_id=2&sch_id=451&return_page=sch_list.php%3Flang_id%3D2%26search_mode%3D%26frmMode%3Dpagebreak%26district_id%3D10%26sort_id%3D-1
91,132,94,慈雲山天主教小學,Tsz Wan Shan Catholic Primary School,男女校,是,黃大仙區,45,資助,7.15,7.18,7.21,8.1,8.1,7.9,8.4,8.0,35,10000,22155,2250,24405,6.33,30.3,0.0,26.8,44.9,搬屋更貴,觀塘月華街 633呎 租$17000+位$2250,9.0,10000.0,3.0,無,3.0,8.0,9.4,6.6,5.4,,,,3,442,https://www.chsc.hk/psp2026/sch_detail.php?lang_id=2&sch_id=442&return_page=sch_list.php%3Flang_id%3D2%26search_mode%3D%26frmMode%3Dpagebreak%26district_id%3D10%26sort_id%3D-1
139,133,134,東華三院高可寧紀念小學,TWGHs Ko Ho Ning Memorial Primary School,男女校,是,葵青區,/,資助,6.96,7.17,7.06,9.0,9.0,9.0,8.8,9.1,31,9500,19623,1900,21523,6.01,15.4,-15.6,11.8,37.5,視租買取向,觀塘月華街 633呎 租$17000+位$2250,6.0,6720.0,3.0,無,3.0,8.0,9.2,6.6,5.4,,,,3,174,https://www.chsc.hk/psp2026/sch_detail.php?lang_id=2&sch_id=174&return_page=sch_list.php%3Flang_id%3D2%26search_mode%3D%26frmMode%3Dpagebreak%26district_id%3D15%26sort_id%3D-1
109,134,118,聖公會基福小學,S.K.H. Kei Fook Primary School,男女校,是,深水埗區,40,資助,7.04,7.17,7.12,8.6,8.6,8.5,8.8,8.5,33,9500,20889,2200,23089,6.01,22.9,-2.2,19.9,37.5,搬屋更貴,觀塘月華街 633呎 租$17000+位$2250,7.5,8000.0,3.0,無,3.0,8.0,9.2,6.6,5.4,,,,3,272,https://www.chsc.hk/psp2026/sch_detail.php?lang_id=2&sch_id=272&return_page=sch_list.php%3Flang_id%3D2%26search_mode%3D%26frmMode%3Dpagebreak%26district_id%3D9%26sort_id%3D-1
116,135,127,荔枝角天主教小學,Laichikok Catholic Primary School,男女校,是,深水埗區,40,資助,7.02,7.17,7.1,8.6,8.6,8.5,8.8,8.5,33,9500,20889,2200,23089,6.01,22.9,-2.2,19.9,37.5,搬屋更貴,觀塘月華街 633呎 租$17000+位$2250,6.0,6206.0,3.0,無,3.0,8.0,9.8,6.6,5.4,,,,4,270,https://www.chsc.hk/psp2026/sch_detail.php?lang_id=2&sch_id=270&return_page=sch_list.php%3Flang_id%3D2%26search_mode%3D%26frmMode%3Dpagebreak%26district_id%3D9%26sort_id%3D-1
123,136,99,香港培正小學,Pui Ching Primary School,男女校,是,九龍城區,/,私立,7.01,7.17,7.2,6.7,6.7,6.7,6.6,6.7,40,13000,25320,2400,27720,8.23,48.9,6.7,44.0,88.3,搬屋更貴,觀塘月華街 633呎 租$17000+位$2250,6.0,6600.0,9.5,香港培正中學,10.0,8.0,9.3,2.0,10.0,,,,4,79,https://www.chsc.hk/psp2026/sch_detail.php?lang_id=2&sch_id=79&return_page=sch_list.php%3Flang_id%3D2%26search_mode%3D%26frmMode%3Dpagebreak%26district_id%3D6%26sort_id%3D-1
169,137,159,中華基督教會蒙黃花沃紀念小學,C.C.C. Mong Wong Far Yok Memorial Primary School,男女校,是,屯門區,70,資助,6.85,7.15,6.97,9.6,9.6,9.7,9.4,9.9,28,8500,17724,1800,19524,5.38,4.3,-20.0,1.4,23.1,同現址水平,觀塘月華街 633呎 租$17000+位$2250,6.0,6000.0,3.0,無,3.0,8.0,8.2,6.6,5.4,,,,2,335,https://www.chsc.hk/psp2026/sch_detail.php?lang_id=2&sch_id=335&return_page=sch_list.php%3Flang_id%3D2%26search_mode%3D%26frmMode%3Dpagebreak%26district_id%3D17%26sort_id%3D-1
158,138,154,博愛醫院歷屆總理聯誼會梁省德學校,A.D. & F.D. of POHL Leung Sing Tak School,男女校,是,元朗區,73,資助,6.88,7.15,6.99,9.4,9.4,9.5,9.2,9.7,29,8800,18357,1800,20157,5.57,8.0,-20.0,4.7,27.5,同現址水平,觀塘月華街 633呎 租$17000+位$2250,6.0,6500.0,3.0,無,3.0,8.0,8.5,6.6,5.4,,,,3,499,https://www.chsc.hk/psp2026/sch_detail.php?lang_id=2&sch_id=499&return_page=sch_list.php%3Flang_id%3D2%26search_mode%3D%26frmMode%3Dpagebreak%26district_id%3D18%26sort_id%3D-1
170,139,162,東華三院鄧肇堅小學,TWGHs Tang Shiu Kin Primary School,男女校,是,屯門區,71,資助,6.85,7.15,6.97,9.6,9.6,9.7,9.4,9.9,28,8500,17724,1800,19524,5.38,4.3,-20.0,1.4,23.1,同現址水平,觀塘月華街 633呎 租$17000+位$2250,6.0,5000.0,3.0,無,3.0,8.0,8.2,6.6,5.4,,,,2,365,https://www.chsc.hk/psp2026/sch_detail.php?lang_id=2&sch_id=365&return_page=sch_list.php%3Flang_id%3D2%26search_mode%3D%26frmMode%3Dpagebreak%26district_id%3D17%26sort_id%3D-1
87,140,95,港澳信義會小學,Hong Kong and Macau Lutheran Church Primary School,男女校,是,西貢區,95,資助,7.19,7.15,7.21,7.2,7.2,7.2,7.2,7.3,38,12000,24054,2100,26154,7.6,41.5,-6.7,35.9,73.9,搬屋更貴,觀塘月華街 633呎 租$17000+位$2250,7.5,7000.0,5.0,港澳信義會慕德中學,5.0,8.0,9.2,6.6,5.4,,,,3,238,https://www.chsc.hk/psp2026/sch_detail.php?lang_id=2&sch_id=238&return_page=sch_list.php%3Flang_id%3D2%26search_mode%3D%26frmMode%3Dpagebreak%26district_id%3D8%26sort_id%3D-1
98,141,114,培基小學,Stewards Pooi Kei Primary School,男女校,是,沙田區,91,資助,7.09,7.14,7.13,7.7,7.7,7.7,7.5,7.8,36,11500,22788,2000,24788,7.28,34.0,-11.1,28.8,66.6,搬屋更貴,觀塘月華街 633呎 租$17000+位$2250,6.0,5700.0,5.0,香港神託會培基書院,5.0,8.0,9.0,6.6,5.4,,,,3,323,https://www.chsc.hk/psp2026/sch_detail.php?lang_id=2&sch_id=323&return_page=sch_list.php%3Flang_id%3D2%26search_mode%3D%26frmMode%3Dpagebreak%26district_id%3D13%26sort_id%3D-1
110,142,126,聖文德天主教小學,St. Bonaventure Catholic Primary School,男女校,是,黃大仙區,45,資助,7.04,7.14,7.1,8.1,8.1,7.9,8.4,8.0,35,10000,22155,2250,24405,6.33,30.3,0.0,26.8,44.9,搬屋更貴,觀塘月華街 633呎 租$17000+位$2250,7.5,7954.0,5.0,聖文德書院,5.0,8.0,7.8,6.6,5.4,,,,1,439,https://www.chsc.hk/psp2026/sch_detail.php?lang_id=2&sch_id=439&return_page=sch_list.php%3Flang_id%3D2%26search_mode%3D%26frmMode%3Dpagebreak%26district_id%3D10%26sort_id%3D-1
85,143,100,馬頭涌官立小學（紅磡灣）,Ma Tau Chung Government Primary School (Hung Hom Bay),男女校,是,九龍城區,35,官立,7.2,7.14,7.2,6.7,6.7,6.7,6.6,6.7,40,13000,25320,2400,27720,8.23,48.9,6.7,44.0,88.3,搬屋更貴,觀塘月華街 633呎 租$17000+位$2250,6.0,6400.0,7.0,伊利沙伯中學、何文田官立中學、賽馬會官立中學,7.0,8.0,8.5,6.6,5.4,,,,3,102,https://www.chsc.hk/psp2026/sch_detail.php?lang_id=2&sch_id=102&return_page=sch_list.php%3Flang_id%3D2%26search_mode%3D%26frmMode%3Dpagebreak%26district_id%3D6%26sort_id%3D-1
144,144,138,石籬天主教小學,Shek Lei Catholic Primary School,男女校,是,葵青區,64,資助,6.94,7.13,7.03,9.0,9.0,9.0,8.8,9.1,31,9500,19623,1900,21523,6.01,15.4,-15.6,11.8,37.5,視租買取向,觀塘月華街 633呎 租$17000+位$2250,7.5,8610.0,3.0,無,3.0,8.0,8.4,6.6,5.4,,,,2,163,https://www.chsc.hk/psp2026/sch_detail.php?lang_id=2&sch_id=163&return_page=sch_list.php%3Flang_id%3D2%26search_mode%3D%26frmMode%3Dpagebreak%26district_id%3D15%26sort_id%3D-1
145,145,139,石籬聖若望天主教小學,Shek Lei St. John's Catholic Primary School,男女校,是,葵青區,64,資助,6.94,7.13,7.03,9.0,9.0,9.0,8.8,9.1,31,9500,19623,1900,21523,6.01,15.4,-15.6,11.8,37.5,視租買取向,觀塘月華街 633呎 租$17000+位$2250,7.5,7482.0,3.0,無,3.0,8.0,8.4,6.6,5.4,,,,2,166,https://www.chsc.hk/psp2026/sch_detail.php?lang_id=2&sch_id=166&return_page=sch_list.php%3Flang_id%3D2%26search_mode%3D%26frmMode%3Dpagebreak%26district_id%3D15%26sort_id%3D-1
190,146,178,佛教慈敬學校,Buddhist Chi King Primary School,男女校,是,觀塘區,46,資助,6.77,7.12,6.92,10.0,10.0,10.0,10.0,10.0,27,7500,17091,2250,19341,4.75,0.5,0.0,0.5,8.7,同現址水平,觀塘月華街 633呎 租$17000+位$2250,7.5,7000.0,3.0,無,3.0,8.0,7.1,6.3,5.7,,,,1,121,https://www.chsc.hk/psp2026/sch_detail.php?lang_id=2&sch_id=121&return_page=sch_list.php%3Flang_id%3D2%26search_mode%3D%26frmMode%3Dpagebreak%26district_id%3D7%26sort_id%3D-1
121,147,130,寶安商會温浩根小學,P.O.C.A. Wan Ho Kan Primary School,男女校,是,離島區,98,資助,7.01,7.11,7.08,8.4,8.4,8.7,7.8,8.8,32,11000,20256,2000,22256,6.96,19.2,-11.1,15.6,59.3,搬屋更貴,觀塘月華街 633呎 租$17000+位$2250,7.5,8804.0,3.0,無,3.0,8.0,9.2,6.6,5.4,,,,3,65,https://www.chsc.hk/psp2026/sch_detail.php?lang_id=2&sch_id=65&return_page=sch_list.php%3Flang_id%3D2%26search_mode%3D%26frmMode%3Dpagebreak%26district_id%3D3%26sort_id%3D-1
72,148,91,將軍澳循道衛理小學,Tseung Kwan O Methodist Primary School,男女校,是,西貢區,95,資助,7.22,7.11,7.24,7.2,7.2,7.2,7.2,7.3,38,12000,24054,2100,26154,7.6,41.5,-6.7,35.9,73.9,搬屋更貴,觀塘月華街 633呎 租$17000+位$2250,10.0,12030.0,3.0,無,3.0,8.0,10.0,6.6,5.4,,,,3,234,https://www.chsc.hk/psp2026/sch_detail.php?lang_id=2&sch_id=234&return_page=sch_list.php%3Flang_id%3D2%26search_mode%3D%26frmMode%3Dpagebreak%26district_id%3D8%26sort_id%3D-1
149,149,156,海壩街官立小學,Hoi Pa Street Government Primary School,男女校,是,荃灣區,62,官立,6.92,7.11,6.98,8.2,8.2,8.2,8.1,8.3,34,10500,21522,2000,23522,6.65,26.6,-11.1,22.2,52.2,搬屋更貴,觀塘月華街 633呎 租$17000+位$2250,4.5,4000.0,7.0,荃灣官立中學、何文田官立中學,7.0,8.0,6.7,6.6,5.4,,,,1,384,https://www.chsc.hk/psp2026/sch_detail.php?lang_id=2&sch_id=384&return_page=sch_list.php%3Flang_id%3D2%26search_mode%3D%26frmMode%3Dpagebreak%26district_id%3D16%26sort_id%3D-1
117,150,129,青松侯寶垣小學,Ching Chung Hau Po Woon Primary School,男女校,是,離島區,98,資助,7.02,7.11,7.1,8.4,8.4,8.7,7.8,8.8,32,11000,20256,2000,22256,6.96,19.2,-11.1,15.6,59.3,搬屋更貴,觀塘月華街 633呎 租$17000+位$2250,9.0,9000.0,3.0,無,3.0,8.0,8.6,6.6,5.4,,,,2,56,https://www.chsc.hk/psp2026/sch_detail.php?lang_id=2&sch_id=56&return_page=sch_list.php%3Flang_id%3D2%26search_mode%3D%26frmMode%3Dpagebreak%26district_id%3D3%26sort_id%3D-1
173,151,182,中華基督教會全完第二小學,C.C.C. Chuen Yuen Second Primary School,男女校,是,葵青區,65,資助,6.82,7.09,6.9,9.0,9.0,9.0,8.8,9.1,31,9500,19623,1900,21523,6.01,15.4,-15.6,11.8,37.5,視租買取向,觀塘月華街 633呎 租$17000+位$2250,3.0,2610.0,5.0,中華基督教會全完中學,5.0,8.0,7.8,6.9,5.1,,,,2,168,https://www.chsc.hk/psp2026/sch_detail.php?lang_id=2&sch_id=168&return_page=sch_list.php%3Flang_id%3D2%26search_mode%3D%26frmMode%3Dpagebreak%26district_id%3D15%26sort_id%3D-1
174,152,173,佛教榮茵學校,Buddhist Wing Yan School,男女校,是,元朗區,74,資助,6.82,7.09,6.93,9.4,9.4,9.5,9.2,9.7,29,8800,18357,1800,20157,5.57,8.0,-20.0,4.7,27.5,同現址水平,觀塘月華街 633呎 租$17000+位$2250,6.0,5400.0,3.0,無,3.0,8.0,8.2,6.6,5.4,,,,2,501,https://www.chsc.hk/psp2026/sch_detail.php?lang_id=2&sch_id=501&return_page=sch_list.php%3Flang_id%3D2%26search_mode%3D%26frmMode%3Dpagebreak%26district_id%3D18%26sort_id%3D-1
181,153,179,元朗商會小學,Yuen Long Merchants Association Primary School,男女校,是,元朗區,73,資助,6.8,7.09,6.91,9.4,9.4,9.5,9.2,9.7,29,8800,18357,1800,20157,5.57,8.0,-20.0,4.7,27.5,同現址水平,觀塘月華街 633呎 租$17000+位$2250,4.5,4000.0,3.0,無,3.0,8.0,8.8,6.6,5.4,,,,3,463,https://www.chsc.hk/psp2026/sch_detail.php?lang_id=2&sch_id=463&return_page=sch_list.php%3Flang_id%3D2%26search_mode%3D%26frmMode%3Dpagebreak%26district_id%3D18%26sort_id%3D-1
172,154,166,元朗寶覺小學,Yuen Long Po Kok Primary School,男女校,是,元朗區,72,資助,6.83,7.09,6.95,9.4,9.4,9.5,9.2,9.7,29,8800,18357,1800,20157,5.57,8.0,-20.0,4.7,27.5,同現址水平,觀塘月華街 633呎 租$17000+位$2250,7.5,7200.0,3.0,無,3.0,8.0,7.6,6.6,5.4,,,,1,459,https://www.chsc.hk/psp2026/sch_detail.php?lang_id=2&sch_id=459&return_page=sch_list.php%3Flang_id%3D2%26search_mode%3D%26frmMode%3Dpagebreak%26district_id%3D18%26sort_id%3D-1
182,155,180,元朗朗屏邨惠州學校,Yuen Long Long Ping Estate Wai Chow School,男女校,是,元朗區,73,資助,6.8,7.09,6.91,9.4,9.4,9.5,9.2,9.7,29,8800,18357,1800,20157,5.57,8.0,-20.0,4.7,27.5,同現址水平,觀塘月華街 633呎 租$17000+位$2250,4.5,4000.0,3.0,無,3.0,8.0,8.8,6.6,5.4,,,,3,500,https://www.chsc.hk/psp2026/sch_detail.php?lang_id=2&sch_id=500&return_page=sch_list.php%3Flang_id%3D2%26search_mode%3D%26frmMode%3Dpagebreak%26district_id%3D18%26sort_id%3D-1
159,156,164,李鄭屋官立小學,Li Cheng Uk Government Primary School,男女校,是,深水埗區,40,官立,6.88,7.09,6.96,8.6,8.6,8.5,8.8,8.5,33,9500,20889,2200,23089,6.01,22.9,-2.2,19.9,37.5,搬屋更貴,觀塘月華街 633呎 租$17000+位$2250,4.5,4062.0,5.0,官立嘉道理爵士中學（西九龍）,5.0,8.0,8.0,6.6,5.4,,,,2,271,https://www.chsc.hk/psp2026/sch_detail.php?lang_id=2&sch_id=271&return_page=sch_list.php%3Flang_id%3D2%26search_mode%3D%26frmMode%3Dpagebreak%26district_id%3D9%26sort_id%3D-1
175,157,174,東華三院姚達之紀念小學（元朗）,TWGHs Yiu Dak Chi Memorial Primary School (Yuen Long),男女校,是,元朗區,72,資助,6.82,7.09,6.93,9.4,9.4,9.5,9.2,9.7,29,8800,18357,1800,20157,5.57,8.0,-20.0,4.7,27.5,同現址水平,觀塘月華街 633呎 租$17000+位$2250,6.0,5000.0,3.0,無,3.0,8.0,8.2,6.6,5.4,,,,2,480,https://www.chsc.hk/psp2026/sch_detail.php?lang_id=2&sch_id=480&return_page=sch_list.php%3Flang_id%3D2%26search_mode%3D%26frmMode%3Dpagebreak%26district_id%3D18%26sort_id%3D-1
177,158,176,聖公會天水圍靈愛小學,S.K.H. Tin Shui Wai Ling Oi Primary School,男女校,是,元朗區,72,資助,6.82,7.09,6.93,9.4,9.4,9.5,9.2,9.7,29,8800,18357,1800,20157,5.57,8.0,-20.0,4.7,27.5,同現址水平,觀塘月華街 633呎 租$17000+位$2250,6.0,6280.0,3.0,無,3.0,8.0,8.2,6.6,5.4,,,,2,478,https://www.chsc.hk/psp2026/sch_detail.php?lang_id=2&sch_id=478&return_page=sch_list.php%3Flang_id%3D2%26search_mode%3D%26frmMode%3Dpagebreak%26district_id%3D18%26sort_id%3D-1
178,159,177,香港普通話研習社科技創意小學,Xianggang Putonghua Yanxishe Pri. Sch. of Science and Creativity,男女校,是,元朗區,72,資助,6.82,7.09,6.93,9.4,9.4,9.5,9.2,9.7,29,8800,18357,1800,20157,5.57,8.0,-20.0,4.7,27.5,同現址水平,觀塘月華街 633呎 租$17000+位$2250,6.0,6185.0,3.0,無,3.0,8.0,8.2,6.6,5.4,,,,2,496,https://www.chsc.hk/psp2026/sch_detail.php?lang_id=2&sch_id=496&return_page=sch_list.php%3Flang_id%3D2%26search_mode%3D%26frmMode%3Dpagebreak%26district_id%3D18%26sort_id%3D-1
176,160,175,福德學社小學,Fuk Tak Education Society Primary School,男女校,是,北區,83,資助,6.82,7.07,6.93,9.2,9.2,9.2,9.1,9.4,30,9000,18990,1800,20790,5.7,11.7,-20.0,8.0,30.4,視租買取向,觀塘月華街 633呎 租$17000+位$2250,6.0,5000.0,3.0,無,3.0,8.0,8.4,6.6,5.4,,,,1,196,https://www.chsc.hk/psp2026/sch_detail.php?lang_id=2&sch_id=196&return_page=sch_list.php%3Flang_id%3D2%26search_mode%3D%26frmMode%3Dpagebreak%26district_id%3D12%26sort_id%3D-1
134,161,136,嘉諾撒小學（新蒲崗）,Canossa Primary School (San Po Kong),男女校,是,黃大仙區,45,資助,6.98,7.06,7.04,8.1,8.1,7.9,8.4,8.0,35,10000,22155,2250,24405,6.33,30.3,0.0,26.8,44.9,搬屋更貴,觀塘月華街 633呎 租$17000+位$2250,6.0,5960.0,3.0,無,3.0,8.0,10.0,6.6,5.4,,,,4,437,https://www.chsc.hk/psp2026/sch_detail.php?lang_id=2&sch_id=437&return_page=sch_list.php%3Flang_id%3D2%26search_mode%3D%26frmMode%3Dpagebreak%26district_id%3D10%26sort_id%3D-1
122,162,132,真鐸學校,Chun Tok School,男女校,是,黃大仙區,45,資助,7.01,7.06,7.07,8.1,8.1,7.9,8.4,8.0,35,10000,22155,2250,24405,6.33,30.3,0.0,26.8,44.9,搬屋更貴,觀塘月華街 633呎 租$17000+位$2250,9.0,10000.0,3.0,無,3.0,8.0,8.8,6.6,5.4,,,,2,438,https://www.chsc.hk/psp2026/sch_detail.php?lang_id=2&sch_id=438&return_page=sch_list.php%3Flang_id%3D2%26search_mode%3D%26frmMode%3Dpagebreak%26district_id%3D10%26sort_id%3D-1
162,163,168,新界婦孺福利會梁省德學校,NTWJWA Ltd. Leung Sing Tak Primary School,男女校,是,大埔區,84,資助,6.87,7.05,6.95,8.6,8.6,8.7,8.4,8.9,32,10000,20256,1900,22156,6.33,19.2,-15.6,15.1,44.9,搬屋更貴,觀塘月華街 633呎 租$17000+位$2250,4.5,4000.0,3.0,無,3.0,8.0,9.8,6.6,5.4,,,,3,373,https://www.chsc.hk/psp2026/sch_detail.php?lang_id=2&sch_id=373&return_page=sch_list.php%3Flang_id%3D2%26search_mode%3D%26frmMode%3Dpagebreak%26district_id%3D14%26sort_id%3D-1
156,164,163,聖公會聖安德烈小學,S.K.H. St. Andrew's Primary School,男女校,是,深水埗區,40,資助,6.89,7.05,6.97,8.6,8.6,8.5,8.8,8.5,33,9500,20889,2200,23089,6.01,22.9,-2.2,19.9,37.5,搬屋更貴,觀塘月華街 633呎 租$17000+位$2250,6.0,6528.0,3.0,無,3.0,8.0,9.2,6.6,5.4,,,,3,274,https://www.chsc.hk/psp2026/sch_detail.php?lang_id=2&sch_id=274&return_page=sch_list.php%3Flang_id%3D2%26search_mode%3D%26frmMode%3Dpagebreak%26district_id%3D9%26sort_id%3D-1
208,165,202,僑港伍氏宗親會伍時暢紀念學校,H.K.E.C.A. Wu Si Chong Memorial School,男女校,是,屯門區,70,資助,6.68,7.03,6.8,9.6,9.6,9.7,9.4,9.9,28,8500,17724,1800,19524,5.38,4.3,-20.0,1.4,23.1,同現址水平,觀塘月華街 633呎 租$17000+位$2250,3.0,3000.0,3.0,無,3.0,8.0,8.8,6.6,5.4,,,,2,337,https://www.chsc.hk/psp2026/sch_detail.php?lang_id=2&sch_id=337&return_page=sch_list.php%3Flang_id%3D2%26search_mode%3D%26frmMode%3Dpagebreak%26district_id%3D17%26sort_id%3D-1
93,166,112,天主教聖安德肋小學,St. Andrew's Catholic Primary School,男女校,是,西貢區,95,資助,7.12,7.03,7.14,7.2,7.2,7.2,7.2,7.3,38,12000,24054,2100,26154,7.6,41.5,-6.7,35.9,73.9,搬屋更貴,觀塘月華街 633呎 租$17000+位$2250,9.0,9600.0,3.0,無,3.0,8.0,10.0,6.6,5.4,,,,4,225,https://www.chsc.hk/psp2026/sch_detail.php?lang_id=2&sch_id=225&return_page=sch_list.php%3Flang_id%3D2%26search_mode%3D%26frmMode%3Dpagebreak%26district_id%3D8%26sort_id%3D-1
184,167,184,救世軍中原慈善基金皇后山學校,The Salvation Army Centaline Charity Fund Queen's Hill School,男女校,是,北區,81,資助,6.78,7.03,6.88,9.2,9.2,9.2,9.1,9.4,30,9000,18990,1800,20790,5.7,11.7,-20.0,8.0,30.4,視租買取向,觀塘月華街 633呎 租$17000+位$2250,6.0,5000.0,3.0,無,3.0,8.0,8.2,6.6,5.4,,,,2,546,https://www.chsc.hk/psp2026/sch_detail.php?lang_id=2&sch_id=546&return_page=sch_list.php%3Flang_id%3D2%26search_mode%3D%26frmMode%3Dpagebreak%26district_id%3D12%26sort_id%3D-1
185,168,185,東華三院曾憲備小學,TWGHs Tseng Hin Pei Primary School,男女校,是,北區,81,資助,6.78,7.03,6.88,9.2,9.2,9.2,9.1,9.4,30,9000,18990,1800,20790,5.7,11.7,-20.0,8.0,30.4,視租買取向,觀塘月華街 633呎 租$17000+位$2250,6.0,5800.0,3.0,無,3.0,8.0,8.2,6.6,5.4,,,,2,545,https://www.chsc.hk/psp2026/sch_detail.php?lang_id=2&sch_id=545&return_page=sch_list.php%3Flang_id%3D2%26search_mode%3D%26frmMode%3Dpagebreak%26district_id%3D12%26sort_id%3D-1
193,169,189,沙頭角中心小學,Sha Tau Kok Central Primary School,男女校,是,北區,83,資助,6.76,7.03,6.87,9.2,9.2,9.2,9.1,9.4,30,9000,18990,1800,20790,5.7,11.7,-20.0,8.0,30.4,視租買取向,觀塘月華街 633呎 租$17000+位$2250,4.5,3500.0,3.0,無,3.0,8.0,8.8,6.6,5.4,,,,3,203,https://www.chsc.hk/psp2026/sch_detail.php?lang_id=2&sch_id=203&return_page=sch_list.php%3Flang_id%3D2%26search_mode%3D%26frmMode%3Dpagebreak%26district_id%3D12%26sort_id%3D-1
186,170,186,香海正覺蓮社佛教正覺蓮社學校,HHCKLA Buddhist Ching Kok Lin Association School,男女校,是,北區,81,資助,6.78,7.03,6.88,9.2,9.2,9.2,9.1,9.4,30,9000,18990,1800,20790,5.7,11.7,-20.0,8.0,30.4,視租買取向,觀塘月華街 633呎 租$17000+位$2250,6.0,5000.0,3.0,無,3.0,8.0,8.2,6.6,5.4,,,,2,211,https://www.chsc.hk/psp2026/sch_detail.php?lang_id=2&sch_id=211&return_page=sch_list.php%3Flang_id%3D2%26search_mode%3D%26frmMode%3Dpagebreak%26district_id%3D12%26sort_id%3D-1
118,171,137,香海正覺蓮社佛教黃藻森學校,HHCKLA Buddhist Wong Cho Sum School,男女校,是,西貢區,95,資助,7.02,7.03,7.04,7.2,7.2,7.2,7.2,7.3,38,12000,24054,2100,26154,7.6,41.5,-6.7,35.9,73.9,搬屋更貴,觀塘月華街 633呎 租$17000+位$2250,6.0,6500.0,6.0,香海正覺蓮社佛教正覺中學,6.0,8.0,8.2,6.6,5.4,,,,2,236,https://www.chsc.hk/psp2026/sch_detail.php?lang_id=2&sch_id=236&return_page=sch_list.php%3Flang_id%3D2%26search_mode%3D%26frmMode%3Dpagebreak%26district_id%3D8%26sort_id%3D-1
210,172,204,香港紅卍字會屯門卍慈小學,H.K.R.S.S. Tuen Mun Primary School,男女校,是,屯門區,70,資助,6.68,7.03,6.8,9.6,9.6,9.7,9.4,9.9,28,8500,17724,1800,19524,5.38,4.3,-20.0,1.4,23.1,同現址水平,觀塘月華街 633呎 租$17000+位$2250,3.0,1800.0,3.0,無,3.0,8.0,8.8,6.6,5.4,,,,2,338,https://www.chsc.hk/psp2026/sch_detail.php?lang_id=2&sch_id=338&return_page=sch_list.php%3Flang_id%3D2%26search_mode%3D%26frmMode%3Dpagebreak%26district_id%3D17%26sort_id%3D-1
187,173,187,鳳溪廖潤琛紀念學校,Fung Kai Liu Yun Sum Memorial School,男女校,是,北區,81,資助,6.78,7.03,6.88,9.2,9.2,9.2,9.1,9.4,30,9000,18990,1800,20790,5.7,11.7,-20.0,8.0,30.4,視租買取向,觀塘月華街 633呎 租$17000+位$2250,6.0,5305.0,3.0,無,3.0,8.0,8.2,6.6,5.4,,,,2,194,https://www.chsc.hk/psp2026/sch_detail.php?lang_id=2&sch_id=194&return_page=sch_list.php%3Flang_id%3D2%26search_mode%3D%26frmMode%3Dpagebreak%26district_id%3D12%26sort_id%3D-1
142,174,146,嗇色園主辦可立小學,Ho Lap Primary School (Sponsored by Sik Sik Yuen),男女校,是,黃大仙區,45,資助,6.95,7.02,7.01,8.1,8.1,7.9,8.4,8.0,35,10000,22155,2250,24405,6.33,30.3,0.0,26.8,44.9,搬屋更貴,觀塘月華街 633呎 租$17000+位$2250,7.5,7500.0,3.0,無,3.0,8.0,9.2,6.6,5.4,,,,3,428,https://www.chsc.hk/psp2026/sch_detail.php?lang_id=2&sch_id=428&return_page=sch_list.php%3Flang_id%3D2%26search_mode%3D%26frmMode%3Dpagebreak%26district_id%3D10%26sort_id%3D-1
143,175,149,福德學校,Bishop Ford Memorial School,男女校,是,黃大仙區,43,資助,6.95,7.02,7.01,8.1,8.1,7.9,8.4,8.0,35,10000,22155,2250,24405,6.33,30.3,0.0,26.8,44.9,搬屋更貴,觀塘月華街 633呎 租$17000+位$2250,7.5,8454.0,3.0,無,3.0,8.0,9.2,6.6,5.4,,,,3,432,https://www.chsc.hk/psp2026/sch_detail.php?lang_id=2&sch_id=432&return_page=sch_list.php%3Flang_id%3D2%26search_mode%3D%26frmMode%3Dpagebreak%26district_id%3D10%26sort_id%3D-1
137,176,140,聖博德天主教小學（蒲崗村道）,St. Patrick's Catholic Primary School (Po Kong Village Road),男女校,是,黃大仙區,45,資助,6.97,7.02,7.03,8.1,8.1,7.9,8.4,8.0,35,10000,22155,2250,24405,6.33,30.3,0.0,26.8,44.9,搬屋更貴,觀塘月華街 633呎 租$17000+位$2250,9.0,10000.0,3.0,無,3.0,8.0,8.6,6.6,5.4,,,,2,440,https://www.chsc.hk/psp2026/sch_detail.php?lang_id=2&sch_id=440&return_page=sch_list.php%3Flang_id%3D2%26search_mode%3D%26frmMode%3Dpagebreak%26district_id%3D10%26sort_id%3D-1
179,177,188,黃大仙官立小學,Wong Tai Sin Government Primary School,男女校,是,黃大仙區,43,官立,6.82,7.02,6.88,8.1,8.1,7.9,8.4,8.0,35,10000,22155,2250,24405,6.33,30.3,0.0,26.8,44.9,搬屋更貴,觀塘月華街 633呎 租$17000+位$2250,3.0,2800.0,7.0,觀塘官立中學、何文田官立中學、賽馬會官立中學,7.0,8.0,7.0,6.6,5.4,,,,1,435,https://www.chsc.hk/psp2026/sch_detail.php?lang_id=2&sch_id=435&return_page=sch_list.php%3Flang_id%3D2%26search_mode%3D%26frmMode%3Dpagebreak%26district_id%3D10%26sort_id%3D-1
221,178,205,中華基督教會拔臣小學,C.C.C. But San Primary School,男女校,是,屯門區,71,資助,6.66,6.99,6.78,9.6,9.6,9.7,9.4,9.9,28,8500,17724,1800,19524,5.38,4.3,-20.0,1.4,23.1,同現址水平,觀塘月華街 633呎 租$17000+位$2250,4.5,3900.0,3.0,無,3.0,8.0,8.0,6.6,5.4,,,,2,364,https://www.chsc.hk/psp2026/sch_detail.php?lang_id=2&sch_id=364&return_page=sch_list.php%3Flang_id%3D2%26search_mode%3D%26frmMode%3Dpagebreak%26district_id%3D17%26sort_id%3D-1
222,179,206,仁愛堂劉皇發夫人小學,Y.O.T. Madam Lau Wong Fat Primary School,男女校,是,屯門區,71,資助,6.66,6.99,6.78,9.6,9.6,9.7,9.4,9.9,28,8500,17724,1800,19524,5.38,4.3,-20.0,1.4,23.1,同現址水平,觀塘月華街 633呎 租$17000+位$2250,4.5,3500.0,3.0,無,3.0,8.0,8.0,6.6,5.4,,,,2,357,https://www.chsc.hk/psp2026/sch_detail.php?lang_id=2&sch_id=357&return_page=sch_list.php%3Flang_id%3D2%26search_mode%3D%26frmMode%3Dpagebreak%26district_id%3D17%26sort_id%3D-1
223,180,207,伊斯蘭學校,Islamic Primary School,男女校,是,屯門區,71,資助,6.66,6.99,6.78,9.6,9.6,9.7,9.4,9.9,28,8500,17724,1800,19524,5.38,4.3,-20.0,1.4,23.1,同現址水平,觀塘月華街 633呎 租$17000+位$2250,4.5,4800.0,3.0,無,3.0,8.0,8.0,6.6,5.4,,,,2,351,https://www.chsc.hk/psp2026/sch_detail.php?lang_id=2&sch_id=351&return_page=sch_list.php%3Flang_id%3D2%26search_mode%3D%26frmMode%3Dpagebreak%26district_id%3D17%26sort_id%3D-1
224,181,208,柏立基教育學院校友會何壽基學校,S.R.B.C.E.P.S.A. Ho Sau Ki School,男女校,是,屯門區,70,資助,6.66,6.99,6.78,9.6,9.6,9.7,9.4,9.9,28,8500,17724,1800,19524,5.38,4.3,-20.0,1.4,23.1,同現址水平,觀塘月華街 633呎 租$17000+位$2250,4.5,4000.0,3.0,無,3.0,8.0,8.0,6.6,5.4,,,,2,343,https://www.chsc.hk/psp2026/sch_detail.php?lang_id=2&sch_id=343&return_page=sch_list.php%3Flang_id%3D2%26search_mode%3D%26frmMode%3Dpagebreak%26district_id%3D17%26sort_id%3D-1
155,182,172,浸信會呂明才小學,Baptist Lui Ming Choi Primary School,男女校,是,沙田區,91,資助,6.89,6.98,6.94,7.7,7.7,7.7,7.5,7.8,36,11500,22788,2000,24788,7.28,34.0,-11.1,28.8,66.6,搬屋更貴,觀塘月華街 633呎 租$17000+位$2250,4.5,4039.0,5.0,浸信會呂明才中學,5.0,8.0,8.8,6.6,5.4,,,,3,304,https://www.chsc.hk/psp2026/sch_detail.php?lang_id=2&sch_id=304&return_page=sch_list.php%3Flang_id%3D2%26search_mode%3D%26frmMode%3Dpagebreak%26district_id%3D13%26sort_id%3D-1
194,183,191,中華傳道會呂明才小學,C.N.E.C. Lui Ming Choi Primary School,男女校,是,葵青區,66,資助,6.74,6.97,6.84,9.0,9.0,9.0,8.8,9.1,31,9500,19623,1900,21523,6.01,15.4,-15.6,11.8,37.5,視租買取向,觀塘月華街 633呎 租$17000+位$2250,6.0,5700.0,3.0,無,3.0,8.0,8.2,6.6,5.4,,,,2,156,https://www.chsc.hk/psp2026/sch_detail.php?lang_id=2&sch_id=156&return_page=sch_list.php%3Flang_id%3D2%26search_mode%3D%26frmMode%3Dpagebreak%26district_id%3D15%26sort_id%3D-1
195,184,192,仁濟醫院趙曾學韞小學,Y.C.H. Chiu Tsang Hok Wan Primary School,男女校,是,葵青區,66,資助,6.74,6.97,6.84,9.0,9.0,9.0,8.8,9.1,31,9500,19623,1900,21523,6.01,15.4,-15.6,11.8,37.5,視租買取向,觀塘月華街 633呎 租$17000+位$2250,6.0,5025.0,3.0,無,3.0,8.0,8.2,6.6,5.4,,,,2,181,https://www.chsc.hk/psp2026/sch_detail.php?lang_id=2&sch_id=181&return_page=sch_list.php%3Flang_id%3D2%26search_mode%3D%26frmMode%3Dpagebreak%26district_id%3D15%26sort_id%3D-1
198,185,196,保良局世德小學,Po Leung Kuk Castar Primary School,男女校,是,葵青區,66,資助,6.73,6.97,6.82,9.0,9.0,9.0,8.8,9.1,31,9500,19623,1900,21523,6.01,15.4,-15.6,11.8,37.5,視租買取向,觀塘月華街 633呎 租$17000+位$2250,4.5,4500.0,3.0,無,3.0,8.0,8.8,6.6,5.4,,,,3,176,https://www.chsc.hk/psp2026/sch_detail.php?lang_id=2&sch_id=176&return_page=sch_list.php%3Flang_id%3D2%26search_mode%3D%26frmMode%3Dpagebreak%26district_id%3D15%26sort_id%3D-1
196,186,193,保良局陳溢小學,Po Leung Kuk Chan Yat Primary School,男女校,是,葵青區,66,資助,6.74,6.97,6.84,9.0,9.0,9.0,8.8,9.1,31,9500,19623,1900,21523,6.01,15.4,-15.6,11.8,37.5,視租買取向,觀塘月華街 633呎 租$17000+位$2250,6.0,5025.0,3.0,無,3.0,8.0,8.2,6.6,5.4,,,,2,158,https://www.chsc.hk/psp2026/sch_detail.php?lang_id=2&sch_id=158&return_page=sch_list.php%3Flang_id%3D2%26search_mode%3D%26frmMode%3Dpagebreak%26district_id%3D15%26sort_id%3D-1
199,187,197,東華三院周演森小學,TWGHs Chow Yin Sum Primary School,男女校,是,葵青區,66,資助,6.73,6.97,6.82,9.0,9.0,9.0,8.8,9.1,31,9500,19623,1900,21523,6.01,15.4,-15.6,11.8,37.5,視租買取向,觀塘月華街 633呎 租$17000+位$2250,4.5,4000.0,3.0,無,3.0,8.0,8.8,6.6,5.4,,,,3,178,https://www.chsc.hk/psp2026/sch_detail.php?lang_id=2&sch_id=178&return_page=sch_list.php%3Flang_id%3D2%26search_mode%3D%26frmMode%3Dpagebreak%26district_id%3D15%26sort_id%3D-1
197,188,194,荃灣商會學校,Tsuen Wan Trade Association Primary School,男女校,是,葵青區,66,資助,6.74,6.97,6.84,9.0,9.0,9.0,8.8,9.1,31,9500,19623,1900,21523,6.01,15.4,-15.6,11.8,37.5,視租買取向,觀塘月華街 633呎 租$17000+位$2250,6.0,5000.0,3.0,無,3.0,8.0,8.2,6.6,5.4,,,,2,180,https://www.chsc.hk/psp2026/sch_detail.php?lang_id=2&sch_id=180&return_page=sch_list.php%3Flang_id%3D2%26search_mode%3D%26frmMode%3Dpagebreak%26district_id%3D15%26sort_id%3D-1
200,189,199,香港四邑商工總會新會商會學校,HK Sze Yap C&IA San Wui Commercial Society School,男女校,是,深水埗區,40,資助,6.73,6.97,6.81,8.6,8.6,8.5,8.8,8.5,33,9500,20889,2200,23089,6.01,22.9,-2.2,19.9,37.5,搬屋更貴,觀塘月華街 633呎 租$17000+位$2250,3.0,500.0,5.0,香港四邑商工總會黃棣珊紀念中學,5.0,8.0,8.0,6.6,5.4,,,,1,264,https://www.chsc.hk/psp2026/sch_detail.php?lang_id=2&sch_id=264&return_page=sch_list.php%3Flang_id%3D2%26search_mode%3D%26frmMode%3Dpagebreak%26district_id%3D9%26sort_id%3D-1
220,190,210,香港潮陽小學,Chiu Yang Primary School of Hong Kong,男女校,是,元朗區,72,資助,6.67,6.97,6.78,9.4,9.4,9.5,9.2,9.7,29,8800,18357,1800,20157,5.57,8.0,-20.0,4.7,27.5,同現址水平,觀塘月華街 633呎 租$17000+位$2250,4.5,3500.0,3.0,無,3.0,8.0,8.2,6.6,5.4,,,,2,470,https://www.chsc.hk/psp2026/sch_detail.php?lang_id=2&sch_id=470&return_page=sch_list.php%3Flang_id%3D2%26search_mode%3D%26frmMode%3Dpagebreak%26district_id%3D18%26sort_id%3D-1
125,191,145,保良局何壽南小學,P.L.K. Stanley Ho Sau Nan Primary School,男女校,是,九龍城區,34,資助,7.0,6.96,7.01,6.7,6.7,6.7,6.6,6.7,40,13000,25320,2400,27720,8.23,48.9,6.7,44.0,88.3,搬屋更貴,觀塘月華街 633呎 租$17000+位$2250,6.0,6000.0,7.0,保良局第一張永慶中學,7.0,8.0,7.7,6.5,5.5,,,,2,447,https://www.chsc.hk/psp2026/sch_detail.php?lang_id=2&sch_id=447&return_page=sch_list.php%3Flang_id%3D2%26search_mode%3D%26frmMode%3Dpagebreak%26district_id%3D6%26sort_id%3D-1
259,192,244,聖公會基顯小學,S.K.H. Kei Hin Primary School,男女校,是,觀塘區,48,資助,6.57,6.96,6.69,10.0,10.0,10.0,10.0,10.0,27,7500,17091,2250,19341,4.75,0.5,0.0,0.5,8.7,留現址(校網48),觀塘月華街 633呎 租$17000+位$2250,3.0,3000.0,3.0,無,3.0,8.0,7.5,7.1,4.9,,,,2,144,https://www.chsc.hk/psp2026/sch_detail.php?lang_id=2&sch_id=144&return_page=sch_list.php%3Flang_id%3D2%26search_mode%3D%26frmMode%3Dpagebreak%26district_id%3D7%26sort_id%3D-1
140,193,151,聖公會馬鞍山主風小學,S.K.H. Ma On Shan Holy Spirit Primary School,男女校,是,沙田區,89,資助,6.96,6.96,7.01,7.7,7.7,7.7,7.5,7.8,36,11500,22788,2000,24788,7.28,34.0,-11.1,28.8,66.6,搬屋更貴,觀塘月華街 633呎 租$17000+位$2250,9.0,10700.0,3.0,無,3.0,8.0,8.9,6.6,5.4,,,,3,316,https://www.chsc.hk/psp2026/sch_detail.php?lang_id=2&sch_id=316&return_page=sch_list.php%3Flang_id%3D2%26search_mode%3D%26frmMode%3Dpagebreak%26district_id%3D13%26sort_id%3D-1
252,194,190,聖瑪加利男女英文中小學,St. Margaret's Co-edu English Secondary & Primary School,男女校,是,深水埗區,/,直資,6.59,6.96,6.85,8.6,8.6,8.5,8.8,8.5,33,9500,20889,2200,23089,6.01,22.9,-2.2,19.9,37.5,搬屋更貴,觀塘月華街 633呎 租$17000+位$2250,7.5,7350.0,6.0,聖瑪加利男女英文中小學,6.0,8.0,8.6,2.0,10.0,,,,2,281,https://www.chsc.hk/psp2026/sch_detail.php?lang_id=2&sch_id=281&return_page=sch_list.php%3Flang_id%3D2%26search_mode%3D%26frmMode%3Dpagebreak%26district_id%3D9%26sort_id%3D-1
147,195,160,吳氏宗親總會泰伯紀念學校,Ng Clan's Association Tai Pak Memorial School,男女校,是,沙田區,89,資助,6.92,6.94,6.97,7.7,7.7,7.7,7.5,7.8,36,11500,22788,2000,24788,7.28,34.0,-11.1,28.8,66.6,搬屋更貴,觀塘月華街 633呎 租$17000+位$2250,7.5,7500.0,3.0,無,3.0,8.0,9.4,6.6,5.4,,,,2,301,https://www.chsc.hk/psp2026/sch_detail.php?lang_id=2&sch_id=301&return_page=sch_list.php%3Flang_id%3D2%26search_mode%3D%26frmMode%3Dpagebreak%26district_id%3D13%26sort_id%3D-1
148,196,161,慈航學校,Chi Hong Primary School,男女校,是,沙田區,91,資助,6.92,6.94,6.97,7.7,7.7,7.7,7.5,7.8,36,11500,22788,2000,24788,7.28,34.0,-11.1,28.8,66.6,搬屋更貴,觀塘月華街 633呎 租$17000+位$2250,7.5,8000.0,3.0,無,3.0,8.0,9.4,6.6,5.4,,,,2,321,https://www.chsc.hk/psp2026/sch_detail.php?lang_id=2&sch_id=321&return_page=sch_list.php%3Flang_id%3D2%26search_mode%3D%26frmMode%3Dpagebreak%26district_id%3D13%26sort_id%3D-1
126,197,115,聖保羅男女中學附屬小學,St. Paul's Co-educational College Primary School,男女校,是,香港南區,/,直資,7.0,6.94,7.13,5.4,5.4,5.4,5.3,5.4,45,15000,28485,2500,30985,9.49,67.6,11.1,61.0,117.2,搬屋更貴,觀塘月華街 633呎 租$17000+位$2250,10.0,16000.0,10.0,聖保羅男女中學,10.0,8.0,8.3,2.0,10.0,,,,2,246,https://www.chsc.hk/psp2026/sch_detail.php?lang_id=2&sch_id=246&return_page=sch_list.php%3Flang_id%3D2%26search_mode%3D%26frmMode%3Dpagebreak%26district_id%3D4%26sort_id%3D-1
332,198,257,聖若瑟英文小學,St. Joseph's Anglo-Chinese Primary School,男校,是,觀塘區,/,私立,6.33,6.94,6.65,10.0,10.0,10.0,10.0,10.0,27,7500,17091,2250,19341,4.75,0.5,0.0,0.5,8.7,同現址水平,觀塘月華街 633呎 租$17000+位$2250,4.5,4500.0,5.5,聖若瑟英文中學,6.0,8.0,7.8,2.0,10.0,,,,2,148,https://www.chsc.hk/psp2026/sch_detail.php?lang_id=2&sch_id=148&return_page=sch_list.php%3Flang_id%3D2%26search_mode%3D%26frmMode%3Dpagebreak%26district_id%3D7%26sort_id%3D-1
151,199,170,馬鞍山循道衛理小學,Ma On Shan Methodist Primary School,男女校,是,沙田區,89,資助,6.91,6.94,6.95,7.7,7.7,7.7,7.5,7.8,36,11500,22788,2000,24788,7.28,34.0,-11.1,28.8,66.6,搬屋更貴,觀塘月華街 633呎 租$17000+位$2250,6.0,6700.0,3.0,無,3.0,8.0,10.0,6.6,5.4,,,,3,299,https://www.chsc.hk/psp2026/sch_detail.php?lang_id=2&sch_id=299&return_page=sch_list.php%3Flang_id%3D2%26search_mode%3D%26frmMode%3Dpagebreak%26district_id%3D13%26sort_id%3D-1
231,200,226,元朗朗屏邨東莞學校,Yuen Long Long Ping Estate Tung Koon Primary School,男女校,是,元朗區,73,資助,6.62,6.93,6.73,9.4,9.4,9.5,9.2,9.7,29,8800,18357,1800,20157,5.57,8.0,-20.0,4.7,27.5,同現址水平,觀塘月華街 633呎 租$17000+位$2250,4.5,3900.0,3.0,無,3.0,8.0,8.0,6.6,5.4,,,,2,460,https://www.chsc.hk/psp2026/sch_detail.php?lang_id=2&sch_id=460&return_page=sch_list.php%3Flang_id%3D2%26search_mode%3D%26frmMode%3Dpagebreak%26district_id%3D18%26sort_id%3D-1
232,201,227,嗇色園主辦可銘學校,Ho Ming Primary School (Sponsored by Sik Sik Yuen),男女校,是,元朗區,72,資助,6.62,6.93,6.73,9.4,9.4,9.5,9.2,9.7,29,8800,18357,1800,20157,5.57,8.0,-20.0,4.7,27.5,同現址水平,觀塘月華街 633呎 租$17000+位$2250,4.5,4630.0,3.0,無,3.0,8.0,8.0,6.6,5.4,,,,2,472,https://www.chsc.hk/psp2026/sch_detail.php?lang_id=2&sch_id=472&return_page=sch_list.php%3Flang_id%3D2%26search_mode%3D%26frmMode%3Dpagebreak%26district_id%3D18%26sort_id%3D-1
201,202,167,培僑書院,Pui Kiu College,男女校,是,沙田區,/,直資,6.72,6.93,6.95,7.7,7.7,7.7,7.5,7.8,36,11500,22788,2000,24788,7.28,34.0,-11.1,28.8,66.6,搬屋更貴,觀塘月華街 633呎 租$17000+位$2250,10.0,19000.0,6.0,培僑書院,6.0,8.0,8.8,2.0,10.0,,,,2,327,https://www.chsc.hk/psp2026/sch_detail.php?lang_id=2&sch_id=327&return_page=sch_list.php%3Flang_id%3D2%26search_mode%3D%26frmMode%3Dpagebreak%26district_id%3D13%26sort_id%3D-1
233,203,228,基督教宣道會徐澤林紀念小學,C.&M.A. Chui Chak Lam Memorial School,男女校,是,元朗區,74,資助,6.62,6.93,6.73,9.4,9.4,9.5,9.2,9.7,29,8800,18357,1800,20157,5.57,8.0,-20.0,4.7,27.5,同現址水平,觀塘月華街 633呎 租$17000+位$2250,4.5,4000.0,3.0,無,3.0,8.0,8.0,6.6,5.4,,,,2,464,https://www.chsc.hk/psp2026/sch_detail.php?lang_id=2&sch_id=464&return_page=sch_list.php%3Flang_id%3D2%26search_mode%3D%26frmMode%3Dpagebreak%26district_id%3D18%26sort_id%3D-1
234,204,231,港澳信義會黃陳淑英紀念學校,HKMLC Wong Chan Sook Ying Memorial School,男女校,是,元朗區,74,資助,6.62,6.93,6.73,9.4,9.4,9.5,9.2,9.7,29,8800,18357,1800,20157,5.57,8.0,-20.0,4.7,27.5,同現址水平,觀塘月華街 633呎 租$17000+位$2250,4.5,4528.0,3.0,無,3.0,8.0,8.0,6.6,5.4,,,,2,502,https://www.chsc.hk/psp2026/sch_detail.php?lang_id=2&sch_id=502&return_page=sch_list.php%3Flang_id%3D2%26search_mode%3D%26frmMode%3Dpagebreak%26district_id%3D18%26sort_id%3D-1
246,205,235,聖公會聖約瑟小學,S.K.H. St. Joseph's Primary School,男女校,是,元朗區,74,資助,6.6,6.93,6.72,9.4,9.4,9.5,9.2,9.7,29,8800,18357,1800,20157,5.57,8.0,-20.0,4.7,27.5,同現址水平,觀塘月華街 633呎 租$17000+位$2250,3.0,1900.0,3.0,無,3.0,8.0,8.6,6.6,5.4,,,,3,489,https://www.chsc.hk/psp2026/sch_detail.php?lang_id=2&sch_id=489&return_page=sch_list.php%3Flang_id%3D2%26search_mode%3D%26frmMode%3Dpagebreak%26district_id%3D18%26sort_id%3D-1
203,206,209,聖方濟愛德小學,St. Francis of Assisi's Caritas School,男女校,是,深水埗區,40,資助,6.7,6.93,6.78,8.6,8.6,8.5,8.8,8.5,33,9500,20889,2200,23089,6.01,22.9,-2.2,19.9,37.5,搬屋更貴,觀塘月華街 633呎 租$17000+位$2250,4.5,4700.0,5.0,長沙灣天主教英文中學,5.0,8.0,7.2,6.6,5.4,,,,1,266,https://www.chsc.hk/psp2026/sch_detail.php?lang_id=2&sch_id=266&return_page=sch_list.php%3Flang_id%3D2%26search_mode%3D%26frmMode%3Dpagebreak%26district_id%3D9%26sort_id%3D-1
235,207,232,通德學校,Tung Tak School,男女校,是,元朗區,74,資助,6.62,6.93,6.73,9.4,9.4,9.5,9.2,9.7,29,8800,18357,1800,20157,5.57,8.0,-20.0,4.7,27.5,同現址水平,觀塘月華街 633呎 租$17000+位$2250,4.5,4500.0,3.0,無,3.0,8.0,8.0,6.6,5.4,,,,2,490,https://www.chsc.hk/psp2026/sch_detail.php?lang_id=2&sch_id=490&return_page=sch_list.php%3Flang_id%3D2%26search_mode%3D%26frmMode%3Dpagebreak%26district_id%3D18%26sort_id%3D-1
202,208,169,香港浸會大學附屬學校王錦輝中小學,HKBUAS Wong Kam Fai Secondary and Primary School,男女校,是,沙田區,/,直資,6.72,6.93,6.95,7.7,7.7,7.7,7.5,7.8,36,11500,22788,2000,24788,7.28,34.0,-11.1,28.8,66.6,搬屋更貴,觀塘月華街 633呎 租$17000+位$2250,10.0,12000.0,6.0,本校,6.0,8.0,8.8,2.0,10.0,,,,2,326,https://www.chsc.hk/psp2026/sch_detail.php?lang_id=2&sch_id=326&return_page=sch_list.php%3Flang_id%3D2%26search_mode%3D%26frmMode%3Dpagebreak%26district_id%3D13%26sort_id%3D-1
264,209,258,中華基督教會基法小學,C.C.C. Kei Faat Primary School,男女校,是,觀塘區,48,資助,6.53,6.92,6.64,10.0,10.0,10.0,10.0,10.0,27,7500,17091,2250,19341,4.75,0.5,0.0,0.5,8.7,留現址(校網48),觀塘月華街 633呎 租$17000+位$2250,3.0,2785.0,3.0,無,3.0,8.0,7.3,7.1,4.9,,,,2,145,https://www.chsc.hk/psp2026/sch_detail.php?lang_id=2&sch_id=145&return_page=sch_list.php%3Flang_id%3D2%26search_mode%3D%26frmMode%3Dpagebreak%26district_id%3D7%26sort_id%3D-1
146,210,158,香港道教聯合會純陽小學,H.K.T.A. Shun Yeung Primary School,男女校,是,沙田區,89,資助,6.93,6.92,6.98,7.7,7.7,7.7,7.5,7.8,36,11500,22788,2000,24788,7.28,34.0,-11.1,28.8,66.6,搬屋更貴,觀塘月華街 633呎 租$17000+位$2250,10.0,12000.0,3.0,無,3.0,8.0,8.3,6.6,5.4,,,,2,296,https://www.chsc.hk/psp2026/sch_detail.php?lang_id=2&sch_id=296&return_page=sch_list.php%3Flang_id%3D2%26search_mode%3D%26frmMode%3Dpagebreak%26district_id%3D13%26sort_id%3D-1
229,211,229,基督教粉嶺神召會小學,Fanling Assembly of God Church Primary School,男女校,是,北區,81,資助,6.63,6.91,6.73,9.2,9.2,9.2,9.1,9.4,30,9000,18990,1800,20790,5.7,11.7,-20.0,8.0,30.4,視租買取向,觀塘月華街 633呎 租$17000+位$2250,4.5,3940.0,3.0,無,3.0,8.0,8.2,6.6,5.4,,,,1,193,https://www.chsc.hk/psp2026/sch_detail.php?lang_id=2&sch_id=193&return_page=sch_list.php%3Flang_id%3D2%26search_mode%3D%26frmMode%3Dpagebreak%26district_id%3D12%26sort_id%3D-1
135,212,147,東華三院王余家潔紀念小學,TWGHs Wong Yee Jar Jat Memorial Primary School,男女校,是,西貢區,95,資助,6.98,6.91,7.01,7.2,7.2,7.2,7.2,7.3,38,12000,24054,2100,26154,7.6,41.5,-6.7,35.9,73.9,搬屋更貴,觀塘月華街 633呎 租$17000+位$2250,9.0,11130.0,3.0,無,3.0,8.0,9.4,6.6,5.4,,,,3,237,https://www.chsc.hk/psp2026/sch_detail.php?lang_id=2&sch_id=237&return_page=sch_list.php%3Flang_id%3D2%26search_mode%3D%26frmMode%3Dpagebreak%26district_id%3D8%26sort_id%3D-1
239,213,236,香海正覺蓮社佛教陳式宏學校,HHCKLA Buddhist Chan Shi Wan Primary School,男女校,是,北區,80,資助,6.61,6.91,6.72,9.2,9.2,9.2,9.1,9.4,30,9000,18990,1800,20790,5.7,11.7,-20.0,8.0,30.4,視租買取向,觀塘月華街 633呎 租$17000+位$2250,3.0,2000.0,3.0,無,3.0,8.0,8.8,6.6,5.4,,,,2,197,https://www.chsc.hk/psp2026/sch_detail.php?lang_id=2&sch_id=197&return_page=sch_list.php%3Flang_id%3D2%26search_mode%3D%26frmMode%3Dpagebreak%26district_id%3D12%26sort_id%3D-1
153,214,171,東華三院蔡榮星小學,TWGHs Tsoi Wing Sing Primary School,男女校,是,沙田區,91,資助,6.9,6.9,6.94,7.7,7.7,7.7,7.5,7.8,36,11500,22788,2000,24788,7.28,34.0,-11.1,28.8,66.6,搬屋更貴,觀塘月華街 633呎 租$17000+位$2250,9.0,9000.0,3.0,無,3.0,8.0,8.6,6.6,5.4,,,,2,541,https://www.chsc.hk/psp2026/sch_detail.php?lang_id=2&sch_id=541&return_page=sch_list.php%3Flang_id%3D2%26search_mode%3D%26frmMode%3Dpagebreak%26district_id%3D13%26sort_id%3D-1
154,215,181,馬頭涌官立小學,Ma Tau Chung Government Primary School,男女校,是,九龍城區,34,官立,6.9,6.9,6.91,6.7,6.7,6.7,6.6,6.7,40,13000,25320,2400,27720,8.23,48.9,6.7,44.0,88.3,搬屋更貴,觀塘月華街 633呎 租$17000+位$2250,3.0,2300.0,7.0,伊利沙伯中學、何文田官立中學、賽馬會官立中學,7.0,8.0,8.6,6.5,5.5,,,,3,74,https://www.chsc.hk/psp2026/sch_detail.php?lang_id=2&sch_id=74&return_page=sch_list.php%3Flang_id%3D2%26search_mode%3D%26frmMode%3Dpagebreak%26district_id%3D6%26sort_id%3D-1
225,216,222,中華傳道會許大同學校,C.N.E.C. Ta Tung School,男女校,是,葵青區,65,資助,6.65,6.89,6.74,9.0,9.0,9.0,8.8,9.1,31,9500,19623,1900,21523,6.01,15.4,-15.6,11.8,37.5,視租買取向,觀塘月華街 633呎 租$17000+位$2250,4.5,4000.0,3.0,無,3.0,8.0,8.2,6.9,5.1,,,,2,169,https://www.chsc.hk/psp2026/sch_detail.php?lang_id=2&sch_id=169&return_page=sch_list.php%3Flang_id%3D2%26search_mode%3D%26frmMode%3Dpagebreak%26district_id%3D15%26sort_id%3D-1
227,217,233,基督教香港信義會葵盛信義學校,E.L.C.H.K. Kwai Shing Lutheran Primary School,男女校,是,葵青區,65,資助,6.64,6.89,6.72,9.0,9.0,9.0,8.8,9.1,31,9500,19623,1900,21523,6.01,15.4,-15.6,11.8,37.5,視租買取向,觀塘月華街 633呎 租$17000+位$2250,3.0,2000.0,3.0,無,3.0,8.0,8.8,6.9,5.1,,,,2,171,https://www.chsc.hk/psp2026/sch_detail.php?lang_id=2&sch_id=171&return_page=sch_list.php%3Flang_id%3D2%26search_mode%3D%26frmMode%3Dpagebreak%26district_id%3D15%26sort_id%3D-1
226,218,224,柏立基教育學院校友會盧光輝紀念學校,S.R.B.C.E.P.S.A. Lu Kwong Fai Memorial School,男女校,是,葵青區,65,資助,6.65,6.89,6.74,9.0,9.0,9.0,8.8,9.1,31,9500,19623,1900,21523,6.01,15.4,-15.6,11.8,37.5,視租買取向,觀塘月華街 633呎 租$17000+位$2250,4.5,4440.0,3.0,無,3.0,8.0,8.2,6.9,5.1,,,,1,172,https://www.chsc.hk/psp2026/sch_detail.php?lang_id=2&sch_id=172&return_page=sch_list.php%3Flang_id%3D2%26search_mode%3D%26frmMode%3Dpagebreak%26district_id%3D15%26sort_id%3D-1
157,219,183,九龍塘官立小學,Kowloon Tong Government Primary School,男女校,是,九龍城區,41,官立,6.88,6.88,6.89,6.7,6.7,6.7,6.6,6.7,40,13000,25320,2400,27720,8.23,48.9,6.7,44.0,88.3,搬屋更貴,觀塘月華街 633呎 租$17000+位$2250,4.5,4500.0,7.0,伊利沙伯中學、何文田官立中學、賽馬會官立中學,7.0,8.0,8.0,6.3,5.7,,,,2,109,https://www.chsc.hk/psp2026/sch_detail.php?lang_id=2&sch_id=109&return_page=sch_list.php%3Flang_id%3D2%26search_mode%3D%26frmMode%3Dpagebreak%26district_id%3D6%26sort_id%3D-1
302,220,223,和富慈善基金李宗德小學,W F Joseph Lee Primary School,男女校,是,元朗區,/,直資,6.44,6.88,6.74,9.4,9.4,9.5,9.2,9.7,29,8800,18357,1800,20157,5.57,8.0,-20.0,4.7,27.5,同現址水平,觀塘月華街 633呎 租$17000+位$2250,7.5,7200.0,3.0,無,3.0,8.0,10.0,2.0,10.0,,,,4,492,https://www.chsc.hk/psp2026/sch_detail.php?lang_id=2&sch_id=492&return_page=sch_list.php%3Flang_id%3D2%26search_mode%3D%26frmMode%3Dpagebreak%26district_id%3D18%26sort_id%3D-1
242,221,238,方樹福堂基金方樹泉小學,F.S.F.T.F. Fong Shu Chuen Primary School,男女校,是,北區,81,資助,6.6,6.87,6.71,9.2,9.2,9.2,9.1,9.4,30,9000,18990,1800,20790,5.7,11.7,-20.0,8.0,30.4,視租買取向,觀塘月華街 633呎 租$17000+位$2250,6.0,5000.0,3.0,無,3.0,8.0,7.4,6.6,5.4,,,,1,202,https://www.chsc.hk/psp2026/sch_detail.php?lang_id=2&sch_id=202&return_page=sch_list.php%3Flang_id%3D2%26search_mode%3D%26frmMode%3Dpagebreak%26district_id%3D12%26sort_id%3D-1
243,222,239,曾梅千禧學校,Tsang Mui Millennium School,男女校,是,北區,80,資助,6.6,6.87,6.71,9.2,9.2,9.2,9.1,9.4,30,9000,18990,1800,20790,5.7,11.7,-20.0,8.0,30.4,視租買取向,觀塘月華街 633呎 租$17000+位$2250,6.0,6500.0,3.0,無,3.0,8.0,7.4,6.6,5.4,,,,1,200,https://www.chsc.hk/psp2026/sch_detail.php?lang_id=2&sch_id=200&return_page=sch_list.php%3Flang_id%3D2%26search_mode%3D%26frmMode%3Dpagebreak%26district_id%3D12%26sort_id%3D-1
244,223,240,東莞學校,Tung Koon School,男女校,是,北區,80,資助,6.6,6.87,6.71,9.2,9.2,9.2,9.1,9.4,30,9000,18990,1800,20790,5.7,11.7,-20.0,8.0,30.4,視租買取向,觀塘月華街 633呎 租$17000+位$2250,6.0,5070.0,3.0,無,3.0,8.0,7.4,6.6,5.4,,,,1,208,https://www.chsc.hk/psp2026/sch_detail.php?lang_id=2&sch_id=208&return_page=sch_list.php%3Flang_id%3D2%26search_mode%3D%26frmMode%3Dpagebreak%26district_id%3D12%26sort_id%3D-1
250,224,243,東華三院港九電器商聯會小學,TWGHs H.K. & KLN. E.A.M.A. Ltd. School,男女校,是,北區,80,資助,6.59,6.87,6.69,9.2,9.2,9.2,9.1,9.4,30,9000,18990,1800,20790,5.7,11.7,-20.0,8.0,30.4,視租買取向,觀塘月華街 633呎 租$17000+位$2250,4.5,4000.0,3.0,無,3.0,8.0,8.0,6.6,5.4,,,,2,191,https://www.chsc.hk/psp2026/sch_detail.php?lang_id=2&sch_id=191&return_page=sch_list.php%3Flang_id%3D2%26search_mode%3D%26frmMode%3Dpagebreak%26district_id%3D12%26sort_id%3D-1
251,225,245,聖公會榮真小學,S.K.H. Wing Chun Primary School,男女校,是,北區,80,資助,6.59,6.87,6.69,9.2,9.2,9.2,9.1,9.4,30,9000,18990,1800,20790,5.7,11.7,-20.0,8.0,30.4,視租買取向,觀塘月華街 633呎 租$17000+位$2250,4.5,4000.0,3.0,無,3.0,8.0,8.0,6.6,5.4,,,,2,199,https://www.chsc.hk/psp2026/sch_detail.php?lang_id=2&sch_id=199&return_page=sch_list.php%3Flang_id%3D2%26search_mode%3D%26frmMode%3Dpagebreak%26district_id%3D12%26sort_id%3D-1
299,226,275,聖若翰天主教小學,St. John The Baptist Catholic Primary School,男女校,是,觀塘區,48,資助,6.46,6.87,6.58,10.0,10.0,10.0,10.0,10.0,27,7500,17091,2250,19341,4.75,0.5,0.0,0.5,8.7,留現址(校網48),觀塘月華街 633呎 租$17000+位$2250,3.0,2700.0,3.0,無,3.0,8.0,7.0,7.1,4.9,,,,1,146,https://www.chsc.hk/psp2026/sch_detail.php?lang_id=2&sch_id=146&return_page=sch_list.php%3Flang_id%3D2%26search_mode%3D%26frmMode%3Dpagebreak%26district_id%3D7%26sort_id%3D-1
253,227,246,育賢學校,Yuk Yin School,男女校,是,北區,80,資助,6.59,6.87,6.69,9.2,9.2,9.2,9.1,9.4,30,9000,18990,1800,20790,5.7,11.7,-20.0,8.0,30.4,視租買取向,觀塘月華街 633呎 租$17000+位$2250,4.5,3600.0,3.0,無,3.0,8.0,8.0,6.6,5.4,,,,2,186,https://www.chsc.hk/psp2026/sch_detail.php?lang_id=2&sch_id=186&return_page=sch_list.php%3Flang_id%3D2%26search_mode%3D%26frmMode%3Dpagebreak%26district_id%3D12%26sort_id%3D-1
247,228,242,金錢村何東學校,Kam Tsin Village Ho Tung School,男女校,是,北區,80,資助,6.6,6.87,6.71,9.2,9.2,9.2,9.1,9.4,30,9000,18990,1800,20790,5.7,11.7,-20.0,8.0,30.4,視租買取向,觀塘月華街 633呎 租$17000+位$2250,6.0,6870.0,3.0,無,3.0,8.0,7.4,6.6,5.4,,,,1,198,https://www.chsc.hk/psp2026/sch_detail.php?lang_id=2&sch_id=198&return_page=sch_list.php%3Flang_id%3D2%26search_mode%3D%26frmMode%3Dpagebreak%26district_id%3D12%26sort_id%3D-1
192,229,195,伊斯蘭鮑伯濤紀念小學,Islamic Dharwood Pau Memorial Primary School,男女校,是,黃大仙區,45,資助,6.76,6.86,6.82,8.1,8.1,7.9,8.4,8.0,35,10000,22155,2250,24405,6.33,30.3,0.0,26.8,44.9,搬屋更貴,觀塘月華街 633呎 租$17000+位$2250,6.0,5000.0,3.0,無,3.0,8.0,9.0,6.6,5.4,,,,3,450,https://www.chsc.hk/psp2026/sch_detail.php?lang_id=2&sch_id=450&return_page=sch_list.php%3Flang_id%3D2%26search_mode%3D%26frmMode%3Dpagebreak%26district_id%3D10%26sort_id%3D-1
212,230,215,中華基督教會協和小學（長沙灣）,C.C.C. Heep Woh Primary School (Cheung Sha Wan),男女校,是,深水埗區,40,資助,6.67,6.85,6.75,8.6,8.6,8.5,8.8,8.5,33,9500,20889,2200,23089,6.01,22.9,-2.2,19.9,37.5,搬屋更貴,觀塘月華街 633呎 租$17000+位$2250,6.0,6016.0,3.0,無,3.0,8.0,8.2,6.6,5.4,,,,2,287,https://www.chsc.hk/psp2026/sch_detail.php?lang_id=2&sch_id=287&return_page=sch_list.php%3Flang_id%3D2%26search_mode%3D%26frmMode%3Dpagebreak%26district_id%3D9%26sort_id%3D-1
205,231,211,五旬節聖潔會永光小學,The Pentecostal Holiness Church Wing Kwong Junior School,男女校,是,大埔區,84,資助,6.69,6.85,6.77,8.6,8.6,8.7,8.4,8.9,32,10000,20256,1900,22156,6.33,19.2,-15.6,15.1,44.9,搬屋更貴,觀塘月華街 633呎 租$17000+位$2250,7.5,7085.0,3.0,無,3.0,8.0,7.6,6.6,5.4,,,,1,549,https://www.chsc.hk/psp2026/sch_detail.php?lang_id=2&sch_id=549&return_page=sch_list.php%3Flang_id%3D2%26search_mode%3D%26frmMode%3Dpagebreak%26district_id%3D14%26sort_id%3D-1
249,232,248,亞斯理衞理小學,Asbury Methodist Primary School,男女校,是,葵青區,65,資助,6.59,6.85,6.68,9.0,9.0,9.0,8.8,9.1,31,9500,19623,1900,21523,6.01,15.4,-15.6,11.8,37.5,視租買取向,觀塘月華街 633呎 租$17000+位$2250,3.0,1656.0,3.0,無,3.0,8.0,8.6,6.9,5.1,,,,3,167,https://www.chsc.hk/psp2026/sch_detail.php?lang_id=2&sch_id=167&return_page=sch_list.php%3Flang_id%3D2%26search_mode%3D%26frmMode%3Dpagebreak%26district_id%3D15%26sort_id%3D-1
206,233,212,仁濟醫院蔡衍濤小學,Y.C.H. Choi Hin To Primary School,男女校,是,大埔區,84,資助,6.69,6.85,6.77,8.6,8.6,8.7,8.4,8.9,32,10000,20256,1900,22156,6.33,19.2,-15.6,15.1,44.9,搬屋更貴,觀塘月華街 633呎 租$17000+位$2250,7.5,8000.0,3.0,無,3.0,8.0,7.6,6.6,5.4,,,,1,371,https://www.chsc.hk/psp2026/sch_detail.php?lang_id=2&sch_id=371&return_page=sch_list.php%3Flang_id%3D2%26search_mode%3D%26frmMode%3Dpagebreak%26district_id%3D14%26sort_id%3D-1
214,234,216,大埔舊墟公立學校,Tai Po Old Market Public School,男女校,是,大埔區,84,資助,6.67,6.85,6.75,8.6,8.6,8.7,8.4,8.9,32,10000,20256,1900,22156,6.33,19.2,-15.6,15.1,44.9,搬屋更貴,觀塘月華街 633呎 租$17000+位$2250,6.0,6400.0,3.0,無,3.0,8.0,8.2,6.6,5.4,,,,2,368,https://www.chsc.hk/psp2026/sch_detail.php?lang_id=2&sch_id=368&return_page=sch_list.php%3Flang_id%3D2%26search_mode%3D%26frmMode%3Dpagebreak%26district_id%3D14%26sort_id%3D-1
215,235,217,天主教聖母聖心小學,Sacred Heart of Mary Catholic Primary School,男女校,是,大埔區,84,資助,6.67,6.85,6.75,8.6,8.6,8.7,8.4,8.9,32,10000,20256,1900,22156,6.33,19.2,-15.6,15.1,44.9,搬屋更貴,觀塘月華街 633呎 租$17000+位$2250,6.0,5000.0,3.0,無,3.0,8.0,8.2,6.6,5.4,,,,2,377,https://www.chsc.hk/psp2026/sch_detail.php?lang_id=2&sch_id=377&return_page=sch_list.php%3Flang_id%3D2%26search_mode%3D%26frmMode%3Dpagebreak%26district_id%3D14%26sort_id%3D-1
216,236,218,寶血會嘉靈學校,Ka Ling School of The Precious Blood,男女校,是,深水埗區,40,資助,6.67,6.85,6.75,8.6,8.6,8.5,8.8,8.5,33,9500,20889,2200,23089,6.01,22.9,-2.2,19.9,37.5,搬屋更貴,觀塘月華街 633呎 租$17000+位$2250,6.0,6400.0,3.0,無,3.0,8.0,8.2,6.6,5.4,,,,2,269,https://www.chsc.hk/psp2026/sch_detail.php?lang_id=2&sch_id=269&return_page=sch_list.php%3Flang_id%3D2%26search_mode%3D%26frmMode%3Dpagebreak%26district_id%3D9%26sort_id%3D-1
218,237,219,郭怡雅神父紀念學校,Fr. Cucchiara Memorial School,男女校,是,深水埗區,40,資助,6.67,6.85,6.75,8.6,8.6,8.5,8.8,8.5,33,9500,20889,2200,23089,6.01,22.9,-2.2,19.9,37.5,搬屋更貴,觀塘月華街 633呎 租$17000+位$2250,6.0,6500.0,3.0,無,3.0,8.0,8.2,6.6,5.4,,,,2,175,https://www.chsc.hk/psp2026/sch_detail.php?lang_id=2&sch_id=175&return_page=sch_list.php%3Flang_id%3D2%26search_mode%3D%26frmMode%3Dpagebreak%26district_id%3D9%26sort_id%3D-1
219,238,220,長沙灣天主教小學,Cheung Sha Wan Catholic Primary School,男女校,是,深水埗區,40,資助,6.67,6.85,6.75,8.6,8.6,8.5,8.8,8.5,33,9500,20889,2200,23089,6.01,22.9,-2.2,19.9,37.5,搬屋更貴,觀塘月華街 633呎 租$17000+位$2250,6.0,6500.0,3.0,無,3.0,8.0,8.2,6.6,5.4,,,,2,258,https://www.chsc.hk/psp2026/sch_detail.php?lang_id=2&sch_id=258&return_page=sch_list.php%3Flang_id%3D2%26search_mode%3D%26frmMode%3Dpagebreak%26district_id%3D9%26sort_id%3D-1
293,239,273,五邑鄒振猷學校,F.D.B.W.A. Chow Chin Yau School,男女校,是,屯門區,70,資助,6.46,6.83,6.58,9.6,9.6,9.7,9.4,9.9,28,8500,17724,1800,19524,5.38,4.3,-20.0,1.4,23.1,同現址水平,觀塘月華街 633呎 租$17000+位$2250,3.0,1700.0,3.0,無,3.0,8.0,7.8,6.6,5.4,,,,2,336,https://www.chsc.hk/psp2026/sch_detail.php?lang_id=2&sch_id=336&return_page=sch_list.php%3Flang_id%3D2%26search_mode%3D%26frmMode%3Dpagebreak%26district_id%3D17%26sort_id%3D-1
282,240,268,圓玄學院陳國超興德小學,The Yuen Yuen Institute Chan Kwok Chiu Hing Tak Primary School,男女校,是,屯門區,71,資助,6.48,6.83,6.6,9.6,9.6,9.7,9.4,9.9,28,8500,17724,1800,19524,5.38,4.3,-20.0,1.4,23.1,同現址水平,觀塘月華街 633呎 租$17000+位$2250,4.5,4000.0,3.0,無,3.0,8.0,7.2,6.6,5.4,,,,1,350,https://www.chsc.hk/psp2026/sch_detail.php?lang_id=2&sch_id=350&return_page=sch_list.php%3Flang_id%3D2%26search_mode%3D%26frmMode%3Dpagebreak%26district_id%3D17%26sort_id%3D-1
290,241,271,道教青松小學,Taoist Ching Chung Primary School,男女校,是,屯門區,70,資助,6.48,6.83,6.6,9.6,9.6,9.7,9.4,9.9,28,8500,17724,1800,19524,5.38,4.3,-20.0,1.4,23.1,同現址水平,觀塘月華街 633呎 租$17000+位$2250,4.5,3800.0,3.0,無,3.0,8.0,7.2,6.6,5.4,,,,1,328,https://www.chsc.hk/psp2026/sch_detail.php?lang_id=2&sch_id=328&return_page=sch_list.php%3Flang_id%3D2%26search_mode%3D%26frmMode%3Dpagebreak%26district_id%3D17%26sort_id%3D-1
262,242,255,慈幼葉漢小學,Salesian Yip Hon Primary School,男女校,是,葵青區,64,資助,6.55,6.81,6.65,9.0,9.0,9.0,8.8,9.1,31,9500,19623,1900,21523,6.01,15.4,-15.6,11.8,37.5,視租買取向,觀塘月華街 633呎 租$17000+位$2250,4.5,4000.0,3.0,無,3.0,8.0,8.0,6.6,5.4,,,,2,165,https://www.chsc.hk/psp2026/sch_detail.php?lang_id=2&sch_id=165&return_page=sch_list.php%3Flang_id%3D2%26search_mode%3D%26frmMode%3Dpagebreak%26district_id%3D15%26sort_id%3D-1
258,243,252,聖公會主愛小學,S.K.H. Chu Oi Primary School,男女校,是,葵青區,64,資助,6.57,6.81,6.66,9.0,9.0,9.0,8.8,9.1,31,9500,19623,1900,21523,6.01,15.4,-15.6,11.8,37.5,視租買取向,觀塘月華街 633呎 租$17000+位$2250,6.0,6800.0,3.0,無,3.0,8.0,7.4,6.6,5.4,,,,1,164,https://www.chsc.hk/psp2026/sch_detail.php?lang_id=2&sch_id=164&return_page=sch_list.php%3Flang_id%3D2%26search_mode%3D%26frmMode%3Dpagebreak%26district_id%3D15%26sort_id%3D-1
191,244,198,保良局雨川小學,P.L.K. Riverain Primary School,男女校,是,沙田區,89,資助,6.77,6.8,6.81,7.7,7.7,7.7,7.5,7.8,36,11500,22788,2000,24788,7.28,34.0,-11.1,28.8,66.6,搬屋更貴,觀塘月華街 633呎 租$17000+位$2250,7.5,7000.0,3.0,無,3.0,8.0,8.7,6.6,5.4,,,,3,315,https://www.chsc.hk/psp2026/sch_detail.php?lang_id=2&sch_id=315&return_page=sch_list.php%3Flang_id%3D2%26search_mode%3D%26frmMode%3Dpagebreak%26district_id%3D13%26sort_id%3D-1
211,245,225,中華基督教會全完第一小學,C.C.C. Chuen Yuen First Primary School,男女校,是,荃灣區,62,資助,6.67,6.79,6.73,8.2,8.2,8.2,8.1,8.3,34,10500,21522,2000,23522,6.65,26.6,-11.1,22.2,52.2,搬屋更貴,觀塘月華街 633呎 租$17000+位$2250,6.0,5800.0,3.0,無,3.0,8.0,8.5,6.6,5.4,,,,3,388,https://www.chsc.hk/psp2026/sch_detail.php?lang_id=2&sch_id=388&return_page=sch_list.php%3Flang_id%3D2%26search_mode%3D%26frmMode%3Dpagebreak%26district_id%3D16%26sort_id%3D-1
228,246,241,聖公會偉倫小學,S.K.H. Wei Lun Primary School,男女校,是,離島區,99,資助,6.64,6.79,6.71,8.4,8.4,8.7,7.8,8.8,32,11000,20256,2000,22256,6.96,19.2,-11.1,15.6,59.3,搬屋更貴,觀塘月華街 633呎 租$17000+位$2250,6.0,5015.0,3.0,無,3.0,8.0,8.2,6.6,5.4,,,,2,67,https://www.chsc.hk/psp2026/sch_detail.php?lang_id=2&sch_id=67&return_page=sch_list.php%3Flang_id%3D2%26search_mode%3D%26frmMode%3Dpagebreak%26district_id%3D3%26sort_id%3D-1
305,247,292,中華基督教會元朗真光小學,C.C.C. Chun Kwong Primary School,男女校,是,元朗區,74,資助,6.43,6.77,6.54,9.4,9.4,9.5,9.2,9.7,29,8800,18357,1800,20157,5.57,8.0,-20.0,4.7,27.5,同現址水平,觀塘月華街 633呎 租$17000+位$2250,3.0,3000.0,3.0,無,3.0,8.0,7.8,6.6,5.4,,,,2,465,https://www.chsc.hk/psp2026/sch_detail.php?lang_id=2&sch_id=465&return_page=sch_list.php%3Flang_id%3D2%26search_mode%3D%26frmMode%3Dpagebreak%26district_id%3D18%26sort_id%3D-1
276,248,270,李志達紀念學校,Lee Chi Tat Memorial School,男女校,是,北區,80,資助,6.49,6.77,6.6,9.2,9.2,9.2,9.1,9.4,30,9000,18990,1800,20790,5.7,11.7,-20.0,8.0,30.4,視租買取向,觀塘月華街 633呎 租$17000+位$2250,6.0,6000.0,3.0,無,3.0,8.0,6.9,6.6,5.4,,,,1,207,https://www.chsc.hk/psp2026/sch_detail.php?lang_id=2&sch_id=207&return_page=sch_list.php%3Flang_id%3D2%26search_mode%3D%26frmMode%3Dpagebreak%26district_id%3D12%26sort_id%3D-1
188,249,200,仁愛堂田家炳小學,Y.O.T. Tin Ka Ping Primary School,男女校,是,西貢區,95,資助,6.77,6.75,6.8,7.2,7.2,7.2,7.2,7.3,38,12000,24054,2100,26154,7.6,41.5,-6.7,35.9,73.9,搬屋更貴,觀塘月華街 633呎 租$17000+位$2250,6.0,6500.0,3.0,無,3.0,8.0,9.8,6.6,5.4,,,,4,217,https://www.chsc.hk/psp2026/sch_detail.php?lang_id=2&sch_id=217&return_page=sch_list.php%3Flang_id%3D2%26search_mode%3D%26frmMode%3Dpagebreak%26district_id%3D8%26sort_id%3D-1
189,250,201,佛教志蓮小學,Chi Lin Buddhist Primary School,男女校,是,西貢區,95,資助,6.77,6.75,6.8,7.2,7.2,7.2,7.2,7.3,38,12000,24054,2100,26154,7.6,41.5,-6.7,35.9,73.9,搬屋更貴,觀塘月華街 633呎 租$17000+位$2250,6.0,6311.0,3.0,無,3.0,8.0,9.8,6.6,5.4,,,,4,231,https://www.chsc.hk/psp2026/sch_detail.php?lang_id=2&sch_id=231&return_page=sch_list.php%3Flang_id%3D2%26search_mode%3D%26frmMode%3Dpagebreak%26district_id%3D8%26sort_id%3D-1
273,251,274,佛教林金殿紀念小學,Buddhist Lim Kim Tian Memorial Primary School,男女校,是,葵青區,65,資助,6.5,6.75,6.58,9.0,9.0,9.0,8.8,9.1,31,9500,19623,1900,21523,6.01,15.4,-15.6,11.8,37.5,視租買取向,觀塘月華街 633呎 租$17000+位$2250,4.5,4700.0,3.0,無,3.0,8.0,7.5,6.9,5.1,,,,2,155,https://www.chsc.hk/psp2026/sch_detail.php?lang_id=2&sch_id=155&return_page=sch_list.php%3Flang_id%3D2%26search_mode%3D%26frmMode%3Dpagebreak%26district_id%3D15%26sort_id%3D-1
307,252,251,國際基督教優質音樂中學暨小學,International Christian Quality Music Sec. and Pri. School,男女校,是,黃大仙區,/,私立,6.42,6.75,6.66,8.1,8.1,7.9,8.4,8.0,35,10000,22155,2250,24405,6.33,30.3,0.0,26.8,44.9,搬屋更貴,觀塘月華街 633呎 租$17000+位$2250,6.0,6600.0,6.0,國際基督教優質音樂中學暨小學,6.0,8.0,8.9,2.0,10.0,,,,3,454,https://www.chsc.hk/psp2026/sch_detail.php?lang_id=2&sch_id=454&return_page=sch_list.php%3Flang_id%3D2%26search_mode%3D%26frmMode%3Dpagebreak%26district_id%3D10%26sort_id%3D-1
343,253,313,坪石天主教小學,Ping Shek Estate Catholic Primary School,男女校,是,觀塘區,46,資助,6.3,6.75,6.45,10.0,10.0,10.0,10.0,10.0,27,7500,17091,2250,19341,4.75,0.5,0.0,0.5,8.7,同現址水平,觀塘月華街 633呎 租$17000+位$2250,3.0,1200.0,3.0,無,3.0,8.0,7.0,6.3,5.7,,,,1,127,https://www.chsc.hk/psp2026/sch_detail.php?lang_id=2&sch_id=127&return_page=sch_list.php%3Flang_id%3D2%26search_mode%3D%26frmMode%3Dpagebreak%26district_id%3D7%26sort_id%3D-1
260,254,260,大埔舊墟公立學校（寶湖道）,Tai Po Old Market Public School (Plover Cove),男女校,是,大埔區,84,資助,6.56,6.75,6.64,8.6,8.6,8.7,8.4,8.9,32,10000,20256,1900,22156,6.33,19.2,-15.6,15.1,44.9,搬屋更貴,觀塘月華街 633呎 租$17000+位$2250,6.0,6400.0,3.0,無,3.0,8.0,7.7,6.6,5.4,,,,2,369,https://www.chsc.hk/psp2026/sch_detail.php?lang_id=2&sch_id=369&return_page=sch_list.php%3Flang_id%3D2%26search_mode%3D%26frmMode%3Dpagebreak%26district_id%3D14%26sort_id%3D-1
213,255,237,保良局蕭漢森小學,P.L.K. Siu Hon Sum Primary School,男女校,是,沙田區,91,資助,6.67,6.74,6.71,7.7,7.7,7.7,7.5,7.8,36,11500,22788,2000,24788,7.28,34.0,-11.1,28.8,66.6,搬屋更貴,觀塘月華街 633呎 租$17000+位$2250,4.5,4700.0,3.0,無,3.0,8.0,9.6,6.6,5.4,,,,4,309,https://www.chsc.hk/psp2026/sch_detail.php?lang_id=2&sch_id=309&return_page=sch_list.php%3Flang_id%3D2%26search_mode%3D%26frmMode%3Dpagebreak%26district_id%3D13%26sort_id%3D-1
207,256,230,救世軍田家炳學校,The Salvation Army Tin Ka Ping School,男女校,是,沙田區,91,資助,6.69,6.74,6.73,7.7,7.7,7.7,7.5,7.8,36,11500,22788,2000,24788,7.28,34.0,-11.1,28.8,66.6,搬屋更貴,觀塘月華街 633呎 租$17000+位$2250,6.0,5000.0,3.0,無,3.0,8.0,9.0,6.6,5.4,,,,3,313,https://www.chsc.hk/psp2026/sch_detail.php?lang_id=2&sch_id=313&return_page=sch_list.php%3Flang_id%3D2%26search_mode%3D%26frmMode%3Dpagebreak%26district_id%3D13%26sort_id%3D-1
204,257,221,香港中文大學校友會聯會張煊昌學校,C.U.H.K. F.A.A. Thomas Cheung School,男女校,是,沙田區,88,資助,6.7,6.74,6.75,7.7,7.7,7.7,7.5,7.8,36,11500,22788,2000,24788,7.28,34.0,-11.1,28.8,66.6,搬屋更貴,觀塘月華街 633呎 租$17000+位$2250,7.5,7000.0,3.0,無,3.0,8.0,8.4,6.6,5.4,,,,2,289,https://www.chsc.hk/psp2026/sch_detail.php?lang_id=2&sch_id=289&return_page=sch_list.php%3Flang_id%3D2%26search_mode%3D%26frmMode%3Dpagebreak%26district_id%3D13%26sort_id%3D-1
240,258,250,中華基督教會基慧小學（馬灣）,C.C.C. Kei Wai Primary School (Ma Wan),男女校,是,荃灣區,62,資助,6.6,6.73,6.66,8.2,8.2,8.2,8.1,8.3,34,10500,21522,2000,23522,6.65,26.6,-11.1,22.2,52.2,搬屋更貴,觀塘月華街 633呎 租$17000+位$2250,6.0,6200.0,3.0,無,3.0,8.0,8.2,6.6,5.4,,,,2,390,https://www.chsc.hk/psp2026/sch_detail.php?lang_id=2&sch_id=390&return_page=sch_list.php%3Flang_id%3D2%26search_mode%3D%26frmMode%3Dpagebreak%26district_id%3D16%26sort_id%3D-1
267,259,269,基督教香港信義會深信學校,The ELCHK Faith Lutheran School,男女校,是,深水埗區,40,資助,6.52,6.73,6.6,8.6,8.6,8.5,8.8,8.5,33,9500,20889,2200,23089,6.01,22.9,-2.2,19.9,37.5,搬屋更貴,觀塘月華街 633呎 租$17000+位$2250,4.5,4900.0,3.0,無,3.0,8.0,8.2,6.6,5.4,,,,2,263,https://www.chsc.hk/psp2026/sch_detail.php?lang_id=2&sch_id=263&return_page=sch_list.php%3Flang_id%3D2%26search_mode%3D%26frmMode%3Dpagebreak%26district_id%3D9%26sort_id%3D-1
254,260,254,天主教石鐘山紀念小學,Shak Chung Shan Memorial Catholic Primary School,男女校,是,荃灣區,62,資助,6.58,6.73,6.65,8.2,8.2,8.2,8.1,8.3,34,10500,21522,2000,23522,6.65,26.6,-11.1,22.2,52.2,搬屋更貴,觀塘月華街 633呎 租$17000+位$2250,4.5,4417.0,3.0,無,3.0,8.0,8.8,6.6,5.4,,,,3,396,https://www.chsc.hk/psp2026/sch_detail.php?lang_id=2&sch_id=396&return_page=sch_list.php%3Flang_id%3D2%26search_mode%3D%26frmMode%3Dpagebreak%26district_id%3D16%26sort_id%3D-1
297,261,293,聖公會主恩小學,S.K.H. Chu Yan Primary School,男女校,是,葵青區,65,資助,6.46,6.73,6.54,9.0,9.0,9.0,8.8,9.1,31,9500,19623,1900,21523,6.01,15.4,-15.6,11.8,37.5,視租買取向,觀塘月華街 633呎 租$17000+位$2250,3.0,1000.0,3.0,無,3.0,8.0,8.0,6.9,5.1,,,,2,152,https://www.chsc.hk/psp2026/sch_detail.php?lang_id=2&sch_id=152&return_page=sch_list.php%3Flang_id%3D2%26search_mode%3D%26frmMode%3Dpagebreak%26district_id%3D15%26sort_id%3D-1
306,262,262,保良局陸慶濤小學,Po Leung Kuk Luk Hing Too Primary School,男女校,是,西貢區,/,直資,6.42,6.72,6.63,7.2,7.2,7.2,7.2,7.3,38,12000,24054,2100,26154,7.6,41.5,-6.7,35.9,73.9,搬屋更貴,觀塘月華街 633呎 租$17000+位$2250,4.5,4500.0,10.0,保良局羅氏基金中學,10.0,8.0,6.7,2.0,10.0,,,,1,214,https://www.chsc.hk/psp2026/sch_detail.php?lang_id=2&sch_id=214&return_page=sch_list.php%3Flang_id%3D2%26search_mode%3D%26frmMode%3Dpagebreak%26district_id%3D8%26sort_id%3D-1
314,263,249,崇真小學暨幼稚園,Tsung Tsin Primary School And Kindergarten,男女校,是,深水埗區,/,私立,6.4,6.72,6.67,8.6,8.6,8.5,8.8,8.5,33,9500,20889,2200,23089,6.01,22.9,-2.2,19.9,37.5,搬屋更貴,觀塘月華街 633呎 租$17000+位$2250,9.0,9000.0,3.0,無,3.0,8.0,9.8,2.0,10.0,,,,2,283,https://www.chsc.hk/psp2026/sch_detail.php?lang_id=2&sch_id=283&return_page=sch_list.php%3Flang_id%3D2%26search_mode%3D%26frmMode%3Dpagebreak%26district_id%3D9%26sort_id%3D-1
317,264,301,五旬節靳茂生小學,Pentecostal Gin Mao Sheng Primary School,男女校,是,北區,81,資助,6.39,6.71,6.5,9.2,9.2,9.2,9.1,9.4,30,9000,18990,1800,20790,5.7,11.7,-20.0,8.0,30.4,視租買取向,觀塘月華街 633呎 租$17000+位$2250,3.0,3400.0,3.0,無,3.0,8.0,7.8,6.6,5.4,,,,2,187,https://www.chsc.hk/psp2026/sch_detail.php?lang_id=2&sch_id=187&return_page=sch_list.php%3Flang_id%3D2%26search_mode%3D%26frmMode%3Dpagebreak%26district_id%3D12%26sort_id%3D-1
319,265,302,石湖墟公立學校,Shek Wu Hui Public School,男女校,是,北區,80,資助,6.39,6.71,6.5,9.2,9.2,9.2,9.1,9.4,30,9000,18990,1800,20790,5.7,11.7,-20.0,8.0,30.4,視租買取向,觀塘月華街 633呎 租$17000+位$2250,3.0,3000.0,3.0,無,3.0,8.0,7.8,6.6,5.4,,,,2,190,https://www.chsc.hk/psp2026/sch_detail.php?lang_id=2&sch_id=190&return_page=sch_list.php%3Flang_id%3D2%26search_mode%3D%26frmMode%3Dpagebreak%26district_id%3D12%26sort_id%3D-1
257,266,267,沙田崇真學校,Shatin Tsung Tsin School,男女校,是,沙田區,91,資助,6.57,6.7,6.61,7.7,7.7,7.7,7.5,7.8,36,11500,22788,2000,24788,7.28,34.0,-11.1,28.8,66.6,搬屋更貴,觀塘月華街 633呎 租$17000+位$2250,3.0,5.0,5.0,馬鞍山崇真中學,5.0,8.0,8.0,6.6,5.4,,,,2,322,https://www.chsc.hk/psp2026/sch_detail.php?lang_id=2&sch_id=322&return_page=sch_list.php%3Flang_id%3D2%26search_mode%3D%26frmMode%3Dpagebreak%26district_id%3D13%26sort_id%3D-1
280,267,278,三水同鄉會禤景榮學校,Sam Shui Natives Association Huen King Wing School,男女校,是,大埔區,84,資助,6.48,6.69,6.56,8.6,8.6,8.7,8.4,8.9,32,10000,20256,1900,22156,6.33,19.2,-15.6,15.1,44.9,搬屋更貴,觀塘月華街 633呎 租$17000+位$2250,4.5,4800.0,3.0,無,3.0,8.0,8.0,6.6,5.4,,,,2,378,https://www.chsc.hk/psp2026/sch_detail.php?lang_id=2&sch_id=378&return_page=sch_list.php%3Flang_id%3D2%26search_mode%3D%26frmMode%3Dpagebreak%26district_id%3D14%26sort_id%3D-1
281,268,279,保良局田家炳小學,Po Leung Kuk Tin Ka Ping Primary School,男女校,是,大埔區,84,資助,6.48,6.69,6.56,8.6,8.6,8.7,8.4,8.9,32,10000,20256,1900,22156,6.33,19.2,-15.6,15.1,44.9,搬屋更貴,觀塘月華街 633呎 租$17000+位$2250,4.5,4590.0,3.0,無,3.0,8.0,8.0,6.6,5.4,,,,2,374,https://www.chsc.hk/psp2026/sch_detail.php?lang_id=2&sch_id=374&return_page=sch_list.php%3Flang_id%3D2%26search_mode%3D%26frmMode%3Dpagebreak%26district_id%3D14%26sort_id%3D-1
283,269,281,大埔浸信會公立學校,Tai Po Baptist Public School,男女校,是,大埔區,84,資助,6.48,6.69,6.56,8.6,8.6,8.7,8.4,8.9,32,10000,20256,1900,22156,6.33,19.2,-15.6,15.1,44.9,搬屋更貴,觀塘月華街 633呎 租$17000+位$2250,4.5,4850.0,3.0,無,3.0,8.0,8.0,6.6,5.4,,,,2,381,https://www.chsc.hk/psp2026/sch_detail.php?lang_id=2&sch_id=381&return_page=sch_list.php%3Flang_id%3D2%26search_mode%3D%26frmMode%3Dpagebreak%26district_id%3D14%26sort_id%3D-1
284,270,282,新界婦孺福利會基督教銘恩小學,NTWJWA Christian Remembrance of Grace Primary School,男女校,是,大埔區,/,資助,6.48,6.69,6.56,8.6,8.6,8.7,8.4,8.9,32,10000,20256,1900,22156,6.33,19.2,-15.6,15.1,44.9,搬屋更貴,觀塘月華街 633呎 租$17000+位$2250,4.5,4140.0,3.0,無,3.0,8.0,8.0,6.6,5.4,,,,2,540,https://www.chsc.hk/psp2026/sch_detail.php?lang_id=2&sch_id=540&return_page=sch_list.php%3Flang_id%3D2%26search_mode%3D%26frmMode%3Dpagebreak%26district_id%3D14%26sort_id%3D-1
285,271,283,林村公立黃福鑾紀念學校,Lam Tsuen Public Wong Fook Luen Memorial School,男女校,是,大埔區,84,資助,6.48,6.69,6.56,8.6,8.6,8.7,8.4,8.9,32,10000,20256,1900,22156,6.33,19.2,-15.6,15.1,44.9,搬屋更貴,觀塘月華街 633呎 租$17000+位$2250,4.5,4800.0,3.0,無,3.0,8.0,8.0,6.6,5.4,,,,2,383,https://www.chsc.hk/psp2026/sch_detail.php?lang_id=2&sch_id=383&return_page=sch_list.php%3Flang_id%3D2%26search_mode%3D%26frmMode%3Dpagebreak%26district_id%3D14%26sort_id%3D-1
263,272,234,港大同學會小學,HKUGA Primary School,男女校,是,香港東區,/,直資,6.55,6.69,6.72,6.1,6.1,6.1,6.0,6.2,42,14000,26586,2400,28986,8.86,56.4,6.7,50.6,102.7,搬屋更貴,觀塘月華街 633呎 租$17000+位$2250,4.5,4562.0,10.0,港大同學會書院,10.0,8.0,8.2,2.0,10.0,,,,2,51,https://www.chsc.hk/psp2026/sch_detail.php?lang_id=2&sch_id=51&return_page=sch_list.php%3Flang_id%3D2%26search_mode%3D%26frmMode%3Dpagebreak%26district_id%3D2%26sort_id%3D-1
286,273,284,聖公會聖多馬小學,S.K.H. St. Thomas' Primary School,男女校,是,深水埗區,40,資助,6.48,6.69,6.56,8.6,8.6,8.5,8.8,8.5,33,9500,20889,2200,23089,6.01,22.9,-2.2,19.9,37.5,搬屋更貴,觀塘月華街 633呎 租$17000+位$2250,4.5,4124.0,3.0,無,3.0,8.0,8.0,6.6,5.4,,,,2,275,https://www.chsc.hk/psp2026/sch_detail.php?lang_id=2&sch_id=275&return_page=sch_list.php%3Flang_id%3D2%26search_mode%3D%26frmMode%3Dpagebreak%26district_id%3D9%26sort_id%3D-1
298,274,294,聖公會聖紀文小學,S.K.H. St. Clement's Primary School,男女校,是,深水埗區,40,資助,6.46,6.69,6.54,8.6,8.6,8.5,8.8,8.5,33,9500,20889,2200,23089,6.01,22.9,-2.2,19.9,37.5,搬屋更貴,觀塘月華街 633呎 租$17000+位$2250,3.0,1520.0,3.0,無,3.0,8.0,8.6,6.6,5.4,,,,3,259,https://www.chsc.hk/psp2026/sch_detail.php?lang_id=2&sch_id=259&return_page=sch_list.php%3Flang_id%3D2%26search_mode%3D%26frmMode%3Dpagebreak%26district_id%3D9%26sort_id%3D-1
287,275,285,聖公會阮鄭夢芹小學,S.K.H. Yuen Chen Maun Chen Primary School,男女校,是,大埔區,84,資助,6.48,6.69,6.56,8.6,8.6,8.7,8.4,8.9,32,10000,20256,1900,22156,6.33,19.2,-15.6,15.1,44.9,搬屋更貴,觀塘月華街 633呎 租$17000+位$2250,4.5,4850.0,3.0,無,3.0,8.0,8.0,6.6,5.4,,,,2,375,https://www.chsc.hk/psp2026/sch_detail.php?lang_id=2&sch_id=375&return_page=sch_list.php%3Flang_id%3D2%26search_mode%3D%26frmMode%3Dpagebreak%26district_id%3D14%26sort_id%3D-1
291,276,286,香港道教聯合會雲泉吳禮和紀念學校,HKTA Wun Tsuen Ng Lai Wo Memorial School,男女校,是,大埔區,84,資助,6.48,6.69,6.56,8.6,8.6,8.7,8.4,8.9,32,10000,20256,1900,22156,6.33,19.2,-15.6,15.1,44.9,搬屋更貴,觀塘月華街 633呎 租$17000+位$2250,4.5,4000.0,3.0,無,3.0,8.0,8.0,6.6,5.4,,,,2,372,https://www.chsc.hk/psp2026/sch_detail.php?lang_id=2&sch_id=372&return_page=sch_list.php%3Flang_id%3D2%26search_mode%3D%26frmMode%3Dpagebreak%26district_id%3D14%26sort_id%3D-1
217,277,203,聖保羅書院小學,St. Paul's College Primary School,男校,是,香港南區,/,直資,6.67,6.68,6.8,5.4,5.4,5.4,5.3,5.4,45,15000,28485,2500,30985,9.49,67.6,11.1,61.0,117.2,搬屋更貴,觀塘月華街 633呎 租$17000+位$2250,6.0,5380.0,9.5,聖保羅書院,10.0,8.0,8.8,2.0,10.0,,,,3,2,https://www.chsc.hk/psp2026/sch_detail.php?lang_id=2&sch_id=2&return_page=sch_list.php%3Flang_id%3D2%26search_mode%3D%26frmMode%3Dpagebreak%26district_id%3D4%26sort_id%3D-1
292,278,296,長洲聖心學校,Cheung Chau Sacred Heart School,男女校,是,離島區,97,資助,6.47,6.67,6.54,8.4,8.4,8.7,7.8,8.8,32,11000,20256,2000,22256,6.96,19.2,-11.1,15.6,59.3,搬屋更貴,觀塘月華街 633呎 租$17000+位$2250,3.0,2000.0,3.0,無,3.0,8.0,8.8,6.6,5.4,,,,2,61,https://www.chsc.hk/psp2026/sch_detail.php?lang_id=2&sch_id=61&return_page=sch_list.php%3Flang_id%3D2%26search_mode%3D%26frmMode%3Dpagebreak%26district_id%3D3%26sort_id%3D-1
326,279,315,東華三院黃士心小學,TWGHs Wong See Sum Primary School,男女校,是,葵青區,66,資助,6.36,6.65,6.45,9.0,9.0,9.0,8.8,9.1,31,9500,19623,1900,21523,6.01,15.4,-15.6,11.8,37.5,視租買取向,觀塘月華街 633呎 租$17000+位$2250,3.0,2800.0,3.0,無,3.0,8.0,7.8,6.6,5.4,,,,2,179,https://www.chsc.hk/psp2026/sch_detail.php?lang_id=2&sch_id=179&return_page=sch_list.php%3Flang_id%3D2%26search_mode%3D%26frmMode%3Dpagebreak%26district_id%3D15%26sort_id%3D-1
288,280,295,路德會聖十架學校,Holy Cross Lutheran School,男女校,是,荃灣區,62,資助,6.48,6.65,6.54,8.2,8.2,8.2,8.1,8.3,34,10500,21522,2000,23522,6.65,26.6,-11.1,22.2,52.2,搬屋更貴,觀塘月華街 633呎 租$17000+位$2250,3.0,2160.0,3.0,無,3.0,8.0,9.0,6.6,5.4,,,,2,395,https://www.chsc.hk/psp2026/sch_detail.php?lang_id=2&sch_id=395&return_page=sch_list.php%3Flang_id%3D2%26search_mode%3D%26frmMode%3Dpagebreak%26district_id%3D16%26sort_id%3D-1
327,281,318,青衣商會小學,Tsing Yi Trade Association Primary School,男女校,是,葵青區,66,資助,6.36,6.65,6.45,9.0,9.0,9.0,8.8,9.1,31,9500,19623,1900,21523,6.01,15.4,-15.6,11.8,37.5,視租買取向,觀塘月華街 633呎 租$17000+位$2250,3.0,3000.0,3.0,無,3.0,8.0,7.8,6.6,5.4,,,,2,161,https://www.chsc.hk/psp2026/sch_detail.php?lang_id=2&sch_id=161&return_page=sch_list.php%3Flang_id%3D2%26search_mode%3D%26frmMode%3Dpagebreak%26district_id%3D15%26sort_id%3D-1
255,282,265,路德會梁鉅鏐小學,Leung Kui Kau Lutheran Primary School,男女校,是,沙田區,91,資助,6.58,6.64,6.62,7.7,7.7,7.7,7.5,7.8,36,11500,22788,2000,24788,7.28,34.0,-11.1,28.8,66.6,搬屋更貴,觀塘月華街 633呎 租$17000+位$2250,6.0,5070.0,3.0,無,3.0,8.0,8.5,6.6,5.4,,,,3,308,https://www.chsc.hk/psp2026/sch_detail.php?lang_id=2&sch_id=308&return_page=sch_list.php%3Flang_id%3D2%26search_mode%3D%26frmMode%3Dpagebreak%26district_id%3D13%26sort_id%3D-1
230,283,253,仁濟醫院陳耀星小學,Y.C.H. Chan Iu Seng Primary School,男女校,是,西貢區,95,資助,6.62,6.63,6.65,7.2,7.2,7.2,7.2,7.3,38,12000,24054,2100,26154,7.6,41.5,-6.7,35.9,73.9,搬屋更貴,觀塘月華街 633呎 租$17000+位$2250,4.5,4000.0,3.0,無,3.0,8.0,9.8,6.6,5.4,,,,3,216,https://www.chsc.hk/psp2026/sch_detail.php?lang_id=2&sch_id=216&return_page=sch_list.php%3Flang_id%3D2%26search_mode%3D%26frmMode%3Dpagebreak%26district_id%3D8%26sort_id%3D-1
277,284,290,深井天主教小學,Sham Tseng Catholic Primary School,男女校,是,荃灣區,62,資助,6.49,6.63,6.55,8.2,8.2,8.2,8.1,8.3,34,10500,21522,2000,23522,6.65,26.6,-11.1,22.2,52.2,搬屋更貴,觀塘月華街 633呎 租$17000+位$2250,6.0,6200.0,3.0,無,3.0,8.0,7.7,6.6,5.4,,,,2,391,https://www.chsc.hk/psp2026/sch_detail.php?lang_id=2&sch_id=391&return_page=sch_list.php%3Flang_id%3D2%26search_mode%3D%26frmMode%3Dpagebreak%26district_id%3D16%26sort_id%3D-1
342,285,329,上水宣道小學,"Alliance Primary School, Sheung Shui",男女校,是,北區,81,資助,6.3,6.61,6.4,9.2,9.2,9.2,9.1,9.4,30,9000,18990,1800,20790,5.7,11.7,-20.0,8.0,30.4,視租買取向,觀塘月華街 633呎 租$17000+位$2250,4.5,3932.0,3.0,無,3.0,8.0,6.7,6.6,5.4,,,,1,209,https://www.chsc.hk/psp2026/sch_detail.php?lang_id=2&sch_id=209&return_page=sch_list.php%3Flang_id%3D2%26search_mode%3D%26frmMode%3Dpagebreak%26district_id%3D12%26sort_id%3D-1
349,286,333,聖公會嘉福榮真小學,S.K.H. Ka Fuk Wing Chun Primary School,男女校,是,北區,81,資助,6.28,6.61,6.39,9.2,9.2,9.2,9.1,9.4,30,9000,18990,1800,20790,5.7,11.7,-20.0,8.0,30.4,視租買取向,觀塘月華街 633呎 租$17000+位$2250,3.0,3020.0,3.0,無,3.0,8.0,7.3,6.6,5.4,,,,2,188,https://www.chsc.hk/psp2026/sch_detail.php?lang_id=2&sch_id=188&return_page=sch_list.php%3Flang_id%3D2%26search_mode%3D%26frmMode%3Dpagebreak%26district_id%3D12%26sort_id%3D-1
358,287,343,聖公會靈愛小學,S.K.H. Ling Oi Primary School,男女校,是,元朗區,73,資助,6.25,6.61,6.36,9.4,9.4,9.5,9.2,9.7,29,8800,18357,1800,20157,5.57,8.0,-20.0,4.7,27.5,同現址水平,觀塘月華街 633呎 租$17000+位$2250,3.0,1771.0,3.0,無,3.0,8.0,7.0,6.6,5.4,,,,1,484,https://www.chsc.hk/psp2026/sch_detail.php?lang_id=2&sch_id=484&return_page=sch_list.php%3Flang_id%3D2%26search_mode%3D%26frmMode%3Dpagebreak%26district_id%3D18%26sort_id%3D-1
360,288,344,錦田公立蒙養學校,Kam Tin Mung Yeung Public School,男女校,是,元朗區,74,資助,6.25,6.61,6.36,9.4,9.4,9.5,9.2,9.7,29,8800,18357,1800,20157,5.57,8.0,-20.0,4.7,27.5,同現址水平,觀塘月華街 633呎 租$17000+位$2250,3.0,2000.0,3.0,無,3.0,8.0,7.0,6.6,5.4,,,,1,503,https://www.chsc.hk/psp2026/sch_detail.php?lang_id=2&sch_id=503&return_page=sch_list.php%3Flang_id%3D2%26search_mode%3D%26frmMode%3Dpagebreak%26district_id%3D18%26sort_id%3D-1
209,289,247,葛量洪校友會黃埔學校,GCEPSA Whampoa Primary School,男女校,是,九龍城區,35,資助,6.68,6.6,6.69,6.7,6.7,6.7,6.6,6.7,40,13000,25320,2400,27720,8.23,48.9,6.7,44.0,88.3,搬屋更貴,觀塘月華街 633呎 租$17000+位$2250,6.0,5100.0,3.0,無,3.0,8.0,9.8,6.6,5.4,,,,4,77,https://www.chsc.hk/psp2026/sch_detail.php?lang_id=2&sch_id=77&return_page=sch_list.php%3Flang_id%3D2%26search_mode%3D%26frmMode%3Dpagebreak%26district_id%3D6%26sort_id%3D-1
241,290,263,博愛醫院陳國威小學,Pok Oi Hospital Chan Kwok Wai Primary School,男女校,是,西貢區,95,資助,6.6,6.59,6.62,7.2,7.2,7.2,7.2,7.3,38,12000,24054,2100,26154,7.6,41.5,-6.7,35.9,73.9,搬屋更貴,觀塘月華街 633呎 租$17000+位$2250,6.0,6000.0,3.0,無,3.0,8.0,9.0,6.6,5.4,,,,3,215,https://www.chsc.hk/psp2026/sch_detail.php?lang_id=2&sch_id=215&return_page=sch_list.php%3Flang_id%3D2%26search_mode%3D%26frmMode%3Dpagebreak%26district_id%3D8%26sort_id%3D-1
236,291,259,基督教神召會梁省德小學,Assembly of God Leung Sing Tak Primary School,男女校,是,西貢區,95,資助,6.61,6.59,6.64,7.2,7.2,7.2,7.2,7.3,38,12000,24054,2100,26154,7.6,41.5,-6.7,35.9,73.9,搬屋更貴,觀塘月華街 633呎 租$17000+位$2250,7.5,8500.0,3.0,無,3.0,8.0,8.4,6.6,5.4,,,,2,213,https://www.chsc.hk/psp2026/sch_detail.php?lang_id=2&sch_id=213&return_page=sch_list.php%3Flang_id%3D2%26search_mode%3D%26frmMode%3Dpagebreak%26district_id%3D8%26sort_id%3D-1
322,292,314,大埔崇德黃建常紀念學校,Sung Tak Wong Kin Sheung Memorial School,男女校,是,大埔區,84,資助,6.37,6.59,6.45,8.6,8.6,8.7,8.4,8.9,32,10000,20256,1900,22156,6.33,19.2,-15.6,15.1,44.9,搬屋更貴,觀塘月華街 633呎 租$17000+位$2250,4.5,4500.0,3.0,無,3.0,8.0,7.5,6.6,5.4,,,,2,367,https://www.chsc.hk/psp2026/sch_detail.php?lang_id=2&sch_id=367&return_page=sch_list.php%3Flang_id%3D2%26search_mode%3D%26frmMode%3Dpagebreak%26district_id%3D14%26sort_id%3D-1
340,293,332,祖堯天主教小學,Cho Yiu Catholic Primary School,男女校,是,葵青區,65,資助,6.31,6.59,6.39,9.0,9.0,9.0,8.8,9.1,31,9500,19623,1900,21523,6.01,15.4,-15.6,11.8,37.5,視租買取向,觀塘月華街 633呎 租$17000+位$2250,3.0,2200.0,3.0,無,3.0,8.0,7.3,6.9,5.1,,,,2,153,https://www.chsc.hk/psp2026/sch_detail.php?lang_id=2&sch_id=153&return_page=sch_list.php%3Flang_id%3D2%26search_mode%3D%26frmMode%3Dpagebreak%26district_id%3D15%26sort_id%3D-1
245,294,264,聖公會將軍澳基德小學,S.K.H. Tseung Kwan O Kei Tak Primary School,男女校,是,西貢區,95,資助,6.6,6.59,6.62,7.2,7.2,7.2,7.2,7.3,38,12000,24054,2100,26154,7.6,41.5,-6.7,35.9,73.9,搬屋更貴,觀塘月華街 633呎 租$17000+位$2250,6.0,6100.0,3.0,無,3.0,8.0,9.0,6.6,5.4,,,,3,223,https://www.chsc.hk/psp2026/sch_detail.php?lang_id=2&sch_id=223&return_page=sch_list.php%3Flang_id%3D2%26search_mode%3D%26frmMode%3Dpagebreak%26district_id%3D8%26sort_id%3D-1
325,295,316,聖公會阮鄭夢芹銀禧小學,S.K.H. Yuen Chen Maun Chen Jubilee Primary School,男女校,是,大埔區,84,資助,6.37,6.59,6.45,8.6,8.6,8.7,8.4,8.9,32,10000,20256,1900,22156,6.33,19.2,-15.6,15.1,44.9,搬屋更貴,觀塘月華街 633呎 租$17000+位$2250,4.5,4850.0,3.0,無,3.0,8.0,7.5,6.6,5.4,,,,2,376,https://www.chsc.hk/psp2026/sch_detail.php?lang_id=2&sch_id=376&return_page=sch_list.php%3Flang_id%3D2%26search_mode%3D%26frmMode%3Dpagebreak%26district_id%3D14%26sort_id%3D-1
238,296,261,西貢中心李少欽紀念學校,Sai Kung Central Lee Siu Yam Memorial School,男女校,是,西貢區,95,資助,6.61,6.59,6.64,7.2,7.2,7.2,7.2,7.3,38,12000,24054,2100,26154,7.6,41.5,-6.7,35.9,73.9,搬屋更貴,觀塘月華街 633呎 租$17000+位$2250,7.5,8500.0,3.0,無,3.0,8.0,8.4,6.6,5.4,,,,2,227,https://www.chsc.hk/psp2026/sch_detail.php?lang_id=2&sch_id=227&return_page=sch_list.php%3Flang_id%3D2%26search_mode%3D%26frmMode%3Dpagebreak%26district_id%3D8%26sort_id%3D-1
248,297,266,順德聯誼總會梁潔華小學,S.T.F.A. Leung Kit Wah Primary School,男女校,是,西貢區,95,資助,6.6,6.59,6.62,7.2,7.2,7.2,7.2,7.3,38,12000,24054,2100,26154,7.6,41.5,-6.7,35.9,73.9,搬屋更貴,觀塘月華街 633呎 租$17000+位$2250,6.0,5250.0,3.0,無,3.0,8.0,9.0,6.6,5.4,,,,3,226,https://www.chsc.hk/psp2026/sch_detail.php?lang_id=2&sch_id=226&return_page=sch_list.php%3Flang_id%3D2%26search_mode%3D%26frmMode%3Dpagebreak%26district_id%3D8%26sort_id%3D-1
180,298,214,香港仔聖伯多祿天主教小學,Aberdeen St. Peter's Catholic Primary School,男女校,是,香港南區,18,資助,6.81,6.59,6.77,5.4,5.4,5.4,5.3,5.4,45,15000,28485,2500,30985,9.49,67.6,11.1,61.0,117.2,搬屋更貴,觀塘月華街 633呎 租$17000+位$2250,6.0,5300.0,5.5,聖伯多祿中學,6.0,8.0,9.0,6.5,5.5,,,,3,254,https://www.chsc.hk/psp2026/sch_detail.php?lang_id=2&sch_id=254&return_page=sch_list.php%3Flang_id%3D2%26search_mode%3D%26frmMode%3Dpagebreak%26district_id%3D4%26sort_id%3D-1
256,299,276,中華基督教會灣仔堂基道小學（九龍城）,C.C.C. Wanchai Church Kei To Primary School (Kowloon City),男女校,是,九龍城區,34,資助,6.57,6.58,6.57,6.7,6.7,6.7,6.6,6.7,40,13000,25320,2400,27720,8.23,48.9,6.7,44.0,88.3,搬屋更貴,觀塘月華街 633呎 租$17000+位$2250,3.0,2117.0,6.0,中華基督教會基道中學,6.0,8.0,8.0,6.5,5.5,,,,1,105,https://www.chsc.hk/psp2026/sch_detail.php?lang_id=2&sch_id=105&return_page=sch_list.php%3Flang_id%3D2%26search_mode%3D%26frmMode%3Dpagebreak%26district_id%3D6%26sort_id%3D-1
268,300,287,九龍城浸信會禧年小學,Kowloon City Baptist Church Hay Nien Primary School,男女校,是,沙田區,89,資助,6.51,6.58,6.55,7.7,7.7,7.7,7.5,7.8,36,11500,22788,2000,24788,7.28,34.0,-11.1,28.8,66.6,搬屋更貴,觀塘月華街 633呎 租$17000+位$2250,6.0,6000.0,3.0,無,3.0,8.0,8.2,6.6,5.4,,,,2,297,https://www.chsc.hk/psp2026/sch_detail.php?lang_id=2&sch_id=297&return_page=sch_list.php%3Flang_id%3D2%26search_mode%3D%26frmMode%3Dpagebreak%26district_id%3D13%26sort_id%3D-1
269,301,288,保良局莊啟程小學,P.L.K. Chong Kee Ting Primary School,男女校,是,沙田區,89,資助,6.51,6.58,6.55,7.7,7.7,7.7,7.5,7.8,36,11500,22788,2000,24788,7.28,34.0,-11.1,28.8,66.6,搬屋更貴,觀塘月華街 633呎 租$17000+位$2250,6.0,6900.0,3.0,無,3.0,8.0,8.2,6.6,5.4,,,,2,302,https://www.chsc.hk/psp2026/sch_detail.php?lang_id=2&sch_id=302&return_page=sch_list.php%3Flang_id%3D2%26search_mode%3D%26frmMode%3Dpagebreak%26district_id%3D13%26sort_id%3D-1
183,302,213,勵志會梁李秀娛紀念小學,The Endeavourers Leung Lee Sau Yu Memorial Primary School,男女校,是,香港東區,16,資助,6.79,6.58,6.77,6.1,6.1,6.1,6.0,6.2,42,14000,26586,2400,28986,8.86,56.4,6.7,50.6,102.7,搬屋更貴,觀塘月華街 633呎 租$17000+位$2250,9.0,9000.0,3.0,無,3.0,8.0,9.4,6.6,5.4,,,,3,32,https://www.chsc.hk/psp2026/sch_detail.php?lang_id=2&sch_id=32&return_page=sch_list.php%3Flang_id%3D2%26search_mode%3D%26frmMode%3Dpagebreak%26district_id%3D2%26sort_id%3D-1
270,303,289,基督教香港信義會睿信學校,ELCHK Wisdom Lutheran School,男女校,是,沙田區,91,資助,6.51,6.58,6.55,7.7,7.7,7.7,7.5,7.8,36,11500,22788,2000,24788,7.28,34.0,-11.1,28.8,66.6,搬屋更貴,觀塘月華街 633呎 租$17000+位$2250,6.0,6847.0,3.0,無,3.0,8.0,8.2,6.6,5.4,,,,2,314,https://www.chsc.hk/psp2026/sch_detail.php?lang_id=2&sch_id=314&return_page=sch_list.php%3Flang_id%3D2%26search_mode%3D%26frmMode%3Dpagebreak%26district_id%3D13%26sort_id%3D-1
382,304,319,安基司學校,Anchors Academy,男女校,是,元朗區,/,私立,6.14,6.58,6.44,9.4,9.4,9.5,9.2,9.7,29,8800,18357,1800,20157,5.57,8.0,-20.0,4.7,27.5,同現址水平,觀塘月華街 633呎 租$17000+位$2250,10.0,110000.0,3.0,無,3.0,8.0,7.5,2.0,10.0,,,,1,551,https://www.chsc.hk/psp2026/sch_detail.php?lang_id=2&sch_id=551&return_page=sch_list.php%3Flang_id%3D2%26search_mode%3D%26frmMode%3Dpagebreak%26district_id%3D18%26sort_id%3D-1
266,305,277,循理會白普理基金循理小學,F.M.B. Chun Lei Primary School,男女校,是,沙田區,88,資助,6.53,6.58,6.57,7.7,7.7,7.7,7.5,7.8,36,11500,22788,2000,24788,7.28,34.0,-11.1,28.8,66.6,搬屋更貴,觀塘月華街 633呎 租$17000+位$2250,7.5,7553.0,3.0,無,3.0,8.0,7.6,6.6,5.4,,,,1,292,https://www.chsc.hk/psp2026/sch_detail.php?lang_id=2&sch_id=292&return_page=sch_list.php%3Flang_id%3D2%26search_mode%3D%26frmMode%3Dpagebreak%26district_id%3D13%26sort_id%3D-1
279,306,297,香港九龍塘基督教中華宣道會台山陳元喜小學,Christian Alliance Toi Shan H. C. Chan Primary School,男女校,是,沙田區,89,資助,6.49,6.58,6.54,7.7,7.7,7.7,7.5,7.8,36,11500,22788,2000,24788,7.28,34.0,-11.1,28.8,66.6,搬屋更貴,觀塘月華街 633呎 租$17000+位$2250,4.5,4000.0,3.0,無,3.0,8.0,8.8,6.6,5.4,,,,3,303,https://www.chsc.hk/psp2026/sch_detail.php?lang_id=2&sch_id=303&return_page=sch_list.php%3Flang_id%3D2%26search_mode%3D%26frmMode%3Dpagebreak%26district_id%3D13%26sort_id%3D-1
272,307,291,香港九龍塘基督教中華宣道會陳元喜小學,Christian Alliance H.C. Chan Primary School,男女校,是,沙田區,88,資助,6.51,6.58,6.55,7.7,7.7,7.7,7.5,7.8,36,11500,22788,2000,24788,7.28,34.0,-11.1,28.8,66.6,搬屋更貴,觀塘月華街 633呎 租$17000+位$2250,6.0,6000.0,3.0,無,3.0,8.0,8.2,6.6,5.4,,,,2,291,https://www.chsc.hk/psp2026/sch_detail.php?lang_id=2&sch_id=291&return_page=sch_list.php%3Flang_id%3D2%26search_mode%3D%26frmMode%3Dpagebreak%26district_id%3D13%26sort_id%3D-1
309,308,306,中華基督教會基慧小學,C.C.C. Kei Wai Primary School,男女校,是,荃灣區,62,資助,6.41,6.57,6.47,8.2,8.2,8.2,8.1,8.3,34,10500,21522,2000,23522,6.65,26.6,-11.1,22.2,52.2,搬屋更貴,觀塘月華街 633呎 租$17000+位$2250,4.5,3500.0,3.0,無,3.0,8.0,8.0,6.6,5.4,,,,2,389,https://www.chsc.hk/psp2026/sch_detail.php?lang_id=2&sch_id=389&return_page=sch_list.php%3Flang_id%3D2%26search_mode%3D%26frmMode%3Dpagebreak%26district_id%3D16%26sort_id%3D-1
331,309,328,大坑東宣道小學,"Alliance Primary School, Tai Hang Tung",男女校,是,深水埗區,40,資助,6.33,6.57,6.41,8.6,8.6,8.5,8.8,8.5,33,9500,20889,2200,23089,6.01,22.9,-2.2,19.9,37.5,搬屋更貴,觀塘月華街 633呎 租$17000+位$2250,3.0,2410.0,3.0,無,3.0,8.0,8.0,6.6,5.4,,,,2,262,https://www.chsc.hk/psp2026/sch_detail.php?lang_id=2&sch_id=262&return_page=sch_list.php%3Flang_id%3D2%26search_mode%3D%26frmMode%3Dpagebreak%26district_id%3D9%26sort_id%3D-1
310,310,307,柴灣角天主教小學,Chai Wan Kok Catholic Primary School,男女校,是,荃灣區,62,資助,6.41,6.57,6.47,8.2,8.2,8.2,8.1,8.3,34,10500,21522,2000,23522,6.65,26.6,-11.1,22.2,52.2,搬屋更貴,觀塘月華街 633呎 租$17000+位$2250,4.5,4100.0,3.0,無,3.0,8.0,8.0,6.6,5.4,,,,2,392,https://www.chsc.hk/psp2026/sch_detail.php?lang_id=2&sch_id=392&return_page=sch_list.php%3Flang_id%3D2%26search_mode%3D%26frmMode%3Dpagebreak%26district_id%3D16%26sort_id%3D-1
311,311,308,梨木樹天主教小學,Lei Muk Shue Catholic Primary School,男女校,是,荃灣區,64,資助,6.41,6.57,6.47,8.2,8.2,8.2,8.1,8.3,34,10500,21522,2000,23522,6.65,26.6,-11.1,22.2,52.2,搬屋更貴,觀塘月華街 633呎 租$17000+位$2250,4.5,3570.0,3.0,無,3.0,8.0,8.0,6.6,5.4,,,,2,400,https://www.chsc.hk/psp2026/sch_detail.php?lang_id=2&sch_id=400&return_page=sch_list.php%3Flang_id%3D2%26search_mode%3D%26frmMode%3Dpagebreak%26district_id%3D16%26sort_id%3D-1
376,312,358,樂善堂梁黃蕙芳紀念學校,Lok Sin Tong Leung Wong Wai Fong Memorial School,男女校,是,屯門區,70,資助,6.18,6.57,6.3,9.6,9.6,9.7,9.4,9.9,28,8500,17724,1800,19524,5.38,4.3,-20.0,1.4,23.1,同現址水平,觀塘月華街 633呎 租$17000+位$2250,3.0,1800.0,3.0,無,3.0,8.0,6.5,6.6,5.4,,,,1,330,https://www.chsc.hk/psp2026/sch_detail.php?lang_id=2&sch_id=330&return_page=sch_list.php%3Flang_id%3D2%26search_mode%3D%26frmMode%3Dpagebreak%26district_id%3D17%26sort_id%3D-1
312,313,309,荃灣潮州公學,Tsuen Wan Chiu Chow Public School,男女校,是,荃灣區,62,資助,6.41,6.57,6.47,8.2,8.2,8.2,8.1,8.3,34,10500,21522,2000,23522,6.65,26.6,-11.1,22.2,52.2,搬屋更貴,觀塘月華街 633呎 租$17000+位$2250,4.5,4200.0,3.0,無,3.0,8.0,8.0,6.6,5.4,,,,2,387,https://www.chsc.hk/psp2026/sch_detail.php?lang_id=2&sch_id=387&return_page=sch_list.php%3Flang_id%3D2%26search_mode%3D%26frmMode%3Dpagebreak%26district_id%3D16%26sort_id%3D-1
313,314,310,香港道教聯合會圓玄學院石圍角小學,H.K.T.A. The Yuen Yuen Institute Shek Wai Kok Primary School,男女校,是,荃灣區,62,資助,6.41,6.57,6.47,8.2,8.2,8.2,8.1,8.3,34,10500,21522,2000,23522,6.65,26.6,-11.1,22.2,52.2,搬屋更貴,觀塘月華街 633呎 租$17000+位$2250,4.5,4486.0,3.0,無,3.0,8.0,8.0,6.6,5.4,,,,2,394,https://www.chsc.hk/psp2026/sch_detail.php?lang_id=2&sch_id=394&return_page=sch_list.php%3Flang_id%3D2%26search_mode%3D%26frmMode%3Dpagebreak%26district_id%3D16%26sort_id%3D-1
368,315,353,寶血會培靈學校,Pui Ling School of The Precious Blood,男女校,是,北區,81,資助,6.22,6.55,6.32,9.2,9.2,9.2,9.1,9.4,30,9000,18990,1800,20790,5.7,11.7,-20.0,8.0,30.4,視租買取向,觀塘月華街 633呎 租$17000+位$2250,3.0,1837.0,3.0,無,3.0,8.0,7.0,6.6,5.4,,,,1,212,https://www.chsc.hk/psp2026/sch_detail.php?lang_id=2&sch_id=212&return_page=sch_list.php%3Flang_id%3D2%26search_mode%3D%26frmMode%3Dpagebreak%26district_id%3D12%26sort_id%3D-1
361,316,350,佛教林炳炎紀念學校（香港佛教聯合會主辦）,Buddhist Lam Bing Yim Memorial School (SPSD by HKBA),男女校,是,葵青區,65,資助,6.24,6.54,6.32,9.0,9.0,9.0,8.8,9.1,31,9500,19623,1900,21523,6.01,15.4,-15.6,11.8,37.5,視租買取向,觀塘月華街 633呎 租$17000+位$2250,3.0,2111.0,3.0,無,3.0,8.0,7.0,6.9,5.1,,,,1,151,https://www.chsc.hk/psp2026/sch_detail.php?lang_id=2&sch_id=151&return_page=sch_list.php%3Flang_id%3D2%26search_mode%3D%26frmMode%3Dpagebreak%26district_id%3D15%26sort_id%3D-1
320,317,317,聖博德學校,St. Patrick's School,男女校,是,黃大仙區,43,資助,6.39,6.54,6.45,8.1,8.1,7.9,8.4,8.0,35,10000,22155,2250,24405,6.33,30.3,0.0,26.8,44.9,搬屋更貴,觀塘月華街 633呎 租$17000+位$2250,4.5,3510.0,3.0,無,3.0,8.0,8.0,6.6,5.4,,,,2,449,https://www.chsc.hk/psp2026/sch_detail.php?lang_id=2&sch_id=449&return_page=sch_list.php%3Flang_id%3D2%26search_mode%3D%26frmMode%3Dpagebreak%26district_id%3D10%26sort_id%3D-1
347,318,335,五邑工商總會學校,Five Districts Business Welfare Association School,男女校,是,深水埗區,40,資助,6.28,6.53,6.36,8.6,8.6,8.5,8.8,8.5,33,9500,20889,2200,23089,6.01,22.9,-2.2,19.9,37.5,搬屋更貴,觀塘月華街 633呎 租$17000+位$2250,3.0,2000.0,3.0,無,3.0,8.0,7.8,6.6,5.4,,,,2,285,https://www.chsc.hk/psp2026/sch_detail.php?lang_id=2&sch_id=285&return_page=sch_list.php%3Flang_id%3D2%26search_mode%3D%26frmMode%3Dpagebreak%26district_id%3D9%26sort_id%3D-1
348,319,338,天主教善導小學,Good Counsel Catholic Primary School,男女校,是,深水埗區,40,資助,6.28,6.53,6.36,8.6,8.6,8.5,8.8,8.5,33,9500,20889,2200,23089,6.01,22.9,-2.2,19.9,37.5,搬屋更貴,觀塘月華街 633呎 租$17000+位$2250,3.0,2000.0,3.0,無,3.0,8.0,7.8,6.6,5.4,,,,2,267,https://www.chsc.hk/psp2026/sch_detail.php?lang_id=2&sch_id=267&return_page=sch_list.php%3Flang_id%3D2%26search_mode%3D%26frmMode%3Dpagebreak%26district_id%3D9%26sort_id%3D-1
237,320,272,慈幼學校,Salesian School,男女校,是,香港東區,16,資助,6.61,6.5,6.59,6.1,6.1,6.1,6.0,6.2,42,14000,26586,2400,28986,8.86,56.4,6.7,50.6,102.7,搬屋更貴,觀塘月華街 633呎 租$17000+位$2250,6.0,5800.0,5.5,慈幼英文學校,6.0,8.0,7.4,6.6,5.4,,,,1,24,https://www.chsc.hk/psp2026/sch_detail.php?lang_id=2&sch_id=24&return_page=sch_list.php%3Flang_id%3D2%26search_mode%3D%26frmMode%3Dpagebreak%26district_id%3D2%26sort_id%3D-1
318,321,322,沙田循道衛理小學,Sha Tin Methodist Primary School,男女校,是,沙田區,91,資助,6.39,6.5,6.43,7.7,7.7,7.7,7.5,7.8,36,11500,22788,2000,24788,7.28,34.0,-11.1,28.8,66.6,搬屋更貴,觀塘月華街 633呎 租$17000+位$2250,3.0,1272.0,3.0,無,3.0,8.0,9.0,6.6,5.4,,,,2,312,https://www.chsc.hk/psp2026/sch_detail.php?lang_id=2&sch_id=312&return_page=sch_list.php%3Flang_id%3D2%26search_mode%3D%26frmMode%3Dpagebreak%26district_id%3D13%26sort_id%3D-1
274,322,298,保良局黃永樹小學,P.L.K. Wong Wing Shu Primary School,男女校,是,西貢區,95,資助,6.5,6.49,6.53,7.2,7.2,7.2,7.2,7.3,38,12000,24054,2100,26154,7.6,41.5,-6.7,35.9,73.9,搬屋更貴,觀塘月華街 633呎 租$17000+位$2250,7.5,7000.0,3.0,無,3.0,8.0,7.9,6.6,5.4,,,,2,222,https://www.chsc.hk/psp2026/sch_detail.php?lang_id=2&sch_id=222&return_page=sch_list.php%3Flang_id%3D2%26search_mode%3D%26frmMode%3Dpagebreak%26district_id%3D8%26sort_id%3D-1
303,323,321,農圃道官立小學,Farm Road Government Primary School,男女校,是,九龍城區,34,官立,6.44,6.48,6.44,6.7,6.7,6.7,6.6,6.7,40,13000,25320,2400,27720,8.23,48.9,6.7,44.0,88.3,搬屋更貴,觀塘月華街 633呎 租$17000+位$2250,3.0,2500.0,7.0,伊利沙伯官立中學、何文田官立中學、賽馬會官立中學,7.0,8.0,6.5,6.5,5.5,,,,1,98,https://www.chsc.hk/psp2026/sch_detail.php?lang_id=2&sch_id=98&return_page=sch_list.php%3Flang_id%3D2%26search_mode%3D%26frmMode%3Dpagebreak%26district_id%3D6%26sort_id%3D-1
355,324,351,南丫北段公立小學,Northern Lamma School,男女校,是,離島區,96,資助,6.25,6.47,6.32,8.4,8.4,8.7,7.8,8.8,32,11000,20256,2000,22256,6.96,19.2,-11.1,15.6,59.3,搬屋更貴,觀塘月華街 633呎 租$17000+位$2250,3.0,2500.0,3.0,無,3.0,8.0,7.8,6.6,5.4,,,,2,60,https://www.chsc.hk/psp2026/sch_detail.php?lang_id=2&sch_id=60&return_page=sch_list.php%3Flang_id%3D2%26search_mode%3D%26frmMode%3Dpagebreak%26district_id%3D3%26sort_id%3D-1
356,325,352,國民學校,Kwok Man School,男女校,是,離島區,97,資助,6.25,6.47,6.32,8.4,8.4,8.7,7.8,8.8,32,11000,20256,2000,22256,6.96,19.2,-11.1,15.6,59.3,搬屋更貴,觀塘月華街 633呎 租$17000+位$2250,3.0,2500.0,3.0,無,3.0,8.0,7.8,6.6,5.4,,,,2,62,https://www.chsc.hk/psp2026/sch_detail.php?lang_id=2&sch_id=62&return_page=sch_list.php%3Flang_id%3D2%26search_mode%3D%26frmMode%3Dpagebreak%26district_id%3D3%26sort_id%3D-1
294,326,303,基督教宣道會宣基小學,Christian & Missionary Alliance Sun Kei Primary School,男女校,是,西貢區,95,資助,6.46,6.47,6.49,7.2,7.2,7.2,7.2,7.3,38,12000,24054,2100,26154,7.6,41.5,-6.7,35.9,73.9,搬屋更貴,觀塘月華街 633呎 租$17000+位$2250,6.0,6200.0,3.0,無,3.0,8.0,8.4,6.6,5.4,,,,2,219,https://www.chsc.hk/psp2026/sch_detail.php?lang_id=2&sch_id=219&return_page=sch_list.php%3Flang_id%3D2%26search_mode%3D%26frmMode%3Dpagebreak%26district_id%3D8%26sort_id%3D-1
344,327,339,寶血會伍季明紀念學校,Kwai-ming Wu Memorial School of The Precious Blood,男女校,是,荃灣區,62,資助,6.3,6.47,6.36,8.2,8.2,8.2,8.1,8.3,34,10500,21522,2000,23522,6.65,26.6,-11.1,22.2,52.2,搬屋更貴,觀塘月華街 633呎 租$17000+位$2250,4.5,3600.0,3.0,無,3.0,8.0,7.5,6.6,5.4,,,,2,403,https://www.chsc.hk/psp2026/sch_detail.php?lang_id=2&sch_id=403&return_page=sch_list.php%3Flang_id%3D2%26search_mode%3D%26frmMode%3Dpagebreak%26district_id%3D16%26sort_id%3D-1
345,328,340,寶血會思源學校,Si Yuan School of the Precious Blood,男女校,是,荃灣區,62,資助,6.3,6.47,6.36,8.2,8.2,8.2,8.1,8.3,34,10500,21522,2000,23522,6.65,26.6,-11.1,22.2,52.2,搬屋更貴,觀塘月華街 633呎 租$17000+位$2250,4.5,4600.0,3.0,無,3.0,8.0,7.5,6.6,5.4,,,,2,386,https://www.chsc.hk/psp2026/sch_detail.php?lang_id=2&sch_id=386&return_page=sch_list.php%3Flang_id%3D2%26search_mode%3D%26frmMode%3Dpagebreak%26district_id%3D16%26sort_id%3D-1
351,329,347,杯澳公立學校,Bui O Public School,男女校,是,離島區,98,資助,6.27,6.47,6.34,8.4,8.4,8.7,7.8,8.8,32,11000,20256,2000,22256,6.96,19.2,-11.1,15.6,59.3,搬屋更貴,觀塘月華街 633呎 租$17000+位$2250,4.5,4200.0,3.0,無,3.0,8.0,7.2,6.6,5.4,,,,1,57,https://www.chsc.hk/psp2026/sch_detail.php?lang_id=2&sch_id=57&return_page=sch_list.php%3Flang_id%3D2%26search_mode%3D%26frmMode%3Dpagebreak%26district_id%3D3%26sort_id%3D-1
352,330,348,梅窩學校,Mui Wo School,男女校,是,離島區,98,資助,6.27,6.47,6.34,8.4,8.4,8.7,7.8,8.8,32,11000,20256,2000,22256,6.96,19.2,-11.1,15.6,59.3,搬屋更貴,觀塘月華街 633呎 租$17000+位$2250,4.5,3500.0,3.0,無,3.0,8.0,7.2,6.6,5.4,,,,1,71,https://www.chsc.hk/psp2026/sch_detail.php?lang_id=2&sch_id=71&return_page=sch_list.php%3Flang_id%3D2%26search_mode%3D%26frmMode%3Dpagebreak%26district_id%3D3%26sort_id%3D-1
359,331,356,聖家學校,Holy Family School,男女校,是,離島區,99,資助,6.25,6.47,6.32,8.4,8.4,8.7,7.8,8.8,32,11000,20256,2000,22256,6.96,19.2,-11.1,15.6,59.3,搬屋更貴,觀塘月華街 633呎 租$17000+位$2250,3.0,2000.0,3.0,無,3.0,8.0,7.8,6.6,5.4,,,,2,59,https://www.chsc.hk/psp2026/sch_detail.php?lang_id=2&sch_id=59&return_page=sch_list.php%3Flang_id%3D2%26search_mode%3D%26frmMode%3Dpagebreak%26district_id%3D3%26sort_id%3D-1
261,332,280,合一堂學校,Hop Yat Church School,男女校,是,九龍城區,34,資助,6.55,6.46,6.56,6.7,6.7,6.7,6.6,6.7,40,13000,25320,2400,27720,8.23,48.9,6.7,44.0,88.3,搬屋更貴,觀塘月華街 633呎 租$17000+位$2250,7.5,7000.0,3.0,無,3.0,8.0,8.6,6.5,5.5,,,,2,101,https://www.chsc.hk/psp2026/sch_detail.php?lang_id=2&sch_id=101&return_page=sch_list.php%3Flang_id%3D2%26search_mode%3D%26frmMode%3Dpagebreak%26district_id%3D6%26sort_id%3D-1
328,333,330,馬鞍山靈糧小學,Ma On Shan Ling Liang Primary School,男女校,是,沙田區,89,資助,6.36,6.46,6.4,7.7,7.7,7.7,7.5,7.8,36,11500,22788,2000,24788,7.28,34.0,-11.1,28.8,66.6,搬屋更貴,觀塘月華街 633呎 租$17000+位$2250,4.5,4300.0,3.0,無,3.0,8.0,8.2,6.6,5.4,,,,2,320,https://www.chsc.hk/psp2026/sch_detail.php?lang_id=2&sch_id=320&return_page=sch_list.php%3Flang_id%3D2%26search_mode%3D%26frmMode%3Dpagebreak%26district_id%3D13%26sort_id%3D-1
350,334,346,嗇色園主辦可信學校,Ho Shun Primary School (Sponsored by Sik Sik Yuen),男女校,是,荃灣區,64,資助,6.27,6.45,6.34,8.2,8.2,8.2,8.1,8.3,34,10500,21522,2000,23522,6.65,26.6,-11.1,22.2,52.2,搬屋更貴,觀塘月華街 633呎 租$17000+位$2250,4.5,3800.0,3.0,無,3.0,8.0,7.4,6.6,5.4,,,,1,401,https://www.chsc.hk/psp2026/sch_detail.php?lang_id=2&sch_id=401&return_page=sch_list.php%3Flang_id%3D2%26search_mode%3D%26frmMode%3Dpagebreak%26district_id%3D16%26sort_id%3D-1
301,335,311,保良局馮晴紀念小學,P.L.K. Fung Ching Memorial Primary School,男女校,是,西貢區,95,資助,6.44,6.43,6.46,7.2,7.2,7.2,7.2,7.3,38,12000,24054,2100,26154,7.6,41.5,-6.7,35.9,73.9,搬屋更貴,觀塘月華街 633呎 租$17000+位$2250,7.5,7000.0,3.0,無,3.0,8.0,7.6,6.6,5.4,,,,1,224,https://www.chsc.hk/psp2026/sch_detail.php?lang_id=2&sch_id=224&return_page=sch_list.php%3Flang_id%3D2%26search_mode%3D%26frmMode%3Dpagebreak%26district_id%3D8%26sort_id%3D-1
308,336,320,將軍澳天主教小學,Tseung Kwan O Catholic Primary School,男女校,是,西貢區,95,資助,6.42,6.43,6.44,7.2,7.2,7.2,7.2,7.3,38,12000,24054,2100,26154,7.6,41.5,-6.7,35.9,73.9,搬屋更貴,觀塘月華街 633呎 租$17000+位$2250,6.0,6000.0,3.0,無,3.0,8.0,8.2,6.6,5.4,,,,2,229,https://www.chsc.hk/psp2026/sch_detail.php?lang_id=2&sch_id=229&return_page=sch_list.php%3Flang_id%3D2%26search_mode%3D%26frmMode%3Dpagebreak%26district_id%3D8%26sort_id%3D-1
330,337,300,聖三一堂小學,Holy Trinity Primary School,男女校,是,九龍城區,/,私立,6.34,6.43,6.53,6.7,6.7,6.7,6.6,6.7,40,13000,25320,2400,27720,8.23,48.9,6.7,44.0,88.3,搬屋更貴,觀塘月華街 633呎 租$17000+位$2250,10.0,17252.0,5.0,聖公會聖三一堂中學,5.0,8.0,8.8,2.0,10.0,,,,2,113,https://www.chsc.hk/psp2026/sch_detail.php?lang_id=2&sch_id=113&return_page=sch_list.php%3Flang_id%3D2%26search_mode%3D%26frmMode%3Dpagebreak%26district_id%3D6%26sort_id%3D-1
333,338,336,保良局朱正賢小學,Po Leung Kuk Chee Jing Yin Primary School,男女校,是,沙田區,91,資助,6.32,6.42,6.36,7.7,7.7,7.7,7.5,7.8,36,11500,22788,2000,24788,7.28,34.0,-11.1,28.8,66.6,搬屋更貴,觀塘月華街 633呎 租$17000+位$2250,4.5,4520.0,3.0,無,3.0,8.0,8.0,6.6,5.4,,,,2,310,https://www.chsc.hk/psp2026/sch_detail.php?lang_id=2&sch_id=310&return_page=sch_list.php%3Flang_id%3D2%26search_mode%3D%26frmMode%3Dpagebreak%26district_id%3D13%26sort_id%3D-1
334,339,337,保良局王賜豪（田心谷）小學,P.L.K. Dr. Jimmy Wong Chi-Ho (Tin Sum Valley) Primary School,男女校,是,沙田區,88,資助,6.32,6.42,6.36,7.7,7.7,7.7,7.5,7.8,36,11500,22788,2000,24788,7.28,34.0,-11.1,28.8,66.6,搬屋更貴,觀塘月華街 633呎 租$17000+位$2250,4.5,4700.0,3.0,無,3.0,8.0,8.0,6.6,5.4,,,,2,288,https://www.chsc.hk/psp2026/sch_detail.php?lang_id=2&sch_id=288&return_page=sch_list.php%3Flang_id%3D2%26search_mode%3D%26frmMode%3Dpagebreak%26district_id%3D13%26sort_id%3D-1
271,340,256,聖士提反書院附屬小學,St. Stephen's College Preparatory School,男女校,是,香港南區,/,私立,6.51,6.42,6.65,5.4,5.4,5.4,5.3,5.4,45,15000,28485,2500,30985,9.49,67.6,11.1,61.0,117.2,搬屋更貴,觀塘月華街 633呎 租$17000+位$2250,10.0,20000.0,5.5,聖士提反書院,6.0,8.0,9.9,2.0,10.0,,,,4,252,https://www.chsc.hk/psp2026/sch_detail.php?lang_id=2&sch_id=252&return_page=sch_list.php%3Flang_id%3D2%26search_mode%3D%26frmMode%3Dpagebreak%26district_id%3D4%26sort_id%3D-1
278,341,304,陳瑞祺（喇沙）小學,Chan Sui Ki (La Salle) Primary School,男女校,是,九龍城區,34,資助,6.49,6.42,6.49,6.7,6.7,6.7,6.6,6.7,40,13000,25320,2400,27720,8.23,48.9,6.7,44.0,88.3,搬屋更貴,觀塘月華街 633呎 租$17000+位$2250,6.0,6200.0,3.0,無,3.0,8.0,9.0,6.5,5.5,,,,3,95,https://www.chsc.hk/psp2026/sch_detail.php?lang_id=2&sch_id=95&return_page=sch_list.php%3Flang_id%3D2%26search_mode%3D%26frmMode%3Dpagebreak%26district_id%3D6%26sort_id%3D-1
336,342,345,馬鞍山聖若瑟小學,Ma On Shan St. Joseph's Primary School,男女校,是,沙田區,89,資助,6.32,6.42,6.36,7.7,7.7,7.7,7.5,7.8,36,11500,22788,2000,24788,7.28,34.0,-11.1,28.8,66.6,搬屋更貴,觀塘月華街 633呎 租$17000+位$2250,4.5,3500.0,3.0,無,3.0,8.0,8.0,6.6,5.4,,,,2,300,https://www.chsc.hk/psp2026/sch_detail.php?lang_id=2&sch_id=300&return_page=sch_list.php%3Flang_id%3D2%26search_mode%3D%26frmMode%3Dpagebreak%26district_id%3D13%26sort_id%3D-1
363,343,359,黃大仙天主教小學,Wong Tai Sin Catholic Primary School,男女校,是,黃大仙區,43,資助,6.24,6.42,6.3,8.1,8.1,7.9,8.4,8.0,35,10000,22155,2250,24405,6.33,30.3,0.0,26.8,44.9,搬屋更貴,觀塘月華街 633呎 租$17000+位$2250,3.0,2000.0,3.0,無,3.0,8.0,8.0,6.6,5.4,,,,1,434,https://www.chsc.hk/psp2026/sch_detail.php?lang_id=2&sch_id=434&return_page=sch_list.php%3Flang_id%3D2%26search_mode%3D%26frmMode%3Dpagebreak%26district_id%3D10%26sort_id%3D-1
366,344,361,靈光小學,Emmanuel Primary School,男女校,是,荃灣區,62,資助,6.23,6.41,6.29,8.2,8.2,8.2,8.1,8.3,34,10500,21522,2000,23522,6.65,26.6,-11.1,22.2,52.2,搬屋更貴,觀塘月華街 633呎 租$17000+位$2250,4.5,4000.0,3.0,無,3.0,8.0,7.2,6.6,5.4,,,,1,393,https://www.chsc.hk/psp2026/sch_detail.php?lang_id=2&sch_id=393&return_page=sch_list.php%3Flang_id%3D2%26search_mode%3D%26frmMode%3Dpagebreak%26district_id%3D16%26sort_id%3D-1
373,345,362,香港浸信會聯會小學,Hong Kong Baptist Convention Primary School,男女校,是,荃灣區,62,資助,6.21,6.41,6.28,8.2,8.2,8.2,8.1,8.3,34,10500,21522,2000,23522,6.65,26.6,-11.1,22.2,52.2,搬屋更貴,觀塘月華街 633呎 租$17000+位$2250,3.0,3400.0,3.0,無,3.0,8.0,7.8,6.6,5.4,,,,2,385,https://www.chsc.hk/psp2026/sch_detail.php?lang_id=2&sch_id=385&return_page=sch_list.php%3Flang_id%3D2%26search_mode%3D%26frmMode%3Dpagebreak%26district_id%3D16%26sort_id%3D-1
422,346,384,基督教香港信義會啟信學校,ELCHK Lutheran School,男女校,是,元朗區,/,私立,5.88,6.4,6.17,9.4,9.4,9.5,9.2,9.7,29,8800,18357,1800,20157,5.57,8.0,-20.0,4.7,27.5,同現址水平,觀塘月華街 633呎 租$17000+位$2250,4.5,4004.0,3.0,無,3.0,8.0,8.8,2.0,10.0,,,,3,543,https://www.chsc.hk/psp2026/sch_detail.php?lang_id=2&sch_id=543&return_page=sch_list.php%3Flang_id%3D2%26search_mode%3D%26frmMode%3Dpagebreak%26district_id%3D18%26sort_id%3D-1
375,347,369,嘉諾撒小學,Canossa Primary School,男女校,是,黃大仙區,43,資助,6.19,6.38,6.25,8.1,8.1,7.9,8.4,8.0,35,10000,22155,2250,24405,6.33,30.3,0.0,26.8,44.9,搬屋更貴,觀塘月華街 633呎 租$17000+位$2250,3.0,2700.0,3.0,無,3.0,8.0,7.8,6.6,5.4,,,,2,445,https://www.chsc.hk/psp2026/sch_detail.php?lang_id=2&sch_id=445&return_page=sch_list.php%3Flang_id%3D2%26search_mode%3D%26frmMode%3Dpagebreak%26district_id%3D10%26sort_id%3D-1
371,348,364,彩雲聖若瑟小學,Choi Wan St Joseph's Primary School,男女校,是,黃大仙區,45,資助,6.21,6.38,6.27,8.1,8.1,7.9,8.4,8.0,35,10000,22155,2250,24405,6.33,30.3,0.0,26.8,44.9,搬屋更貴,觀塘月華街 633呎 租$17000+位$2250,4.5,4305.0,3.0,無,3.0,8.0,7.2,6.6,5.4,,,,1,427,https://www.chsc.hk/psp2026/sch_detail.php?lang_id=2&sch_id=427&return_page=sch_list.php%3Flang_id%3D2%26search_mode%3D%26frmMode%3Dpagebreak%26district_id%3D10%26sort_id%3D-1
392,349,378,旅港開平商會學校,Hoi Ping Chamber of Commerce Primary School,男女校,是,深水埗區,40,資助,6.11,6.37,6.19,8.6,8.6,8.5,8.8,8.5,33,9500,20889,2200,23089,6.01,22.9,-2.2,19.9,37.5,搬屋更貴,觀塘月華街 633呎 租$17000+位$2250,3.0,1603.0,3.0,無,3.0,8.0,7.0,6.6,5.4,,,,1,268,https://www.chsc.hk/psp2026/sch_detail.php?lang_id=2&sch_id=268&return_page=sch_list.php%3Flang_id%3D2%26search_mode%3D%26frmMode%3Dpagebreak%26district_id%3D9%26sort_id%3D-1
393,350,379,深水埔街坊福利會小學,Shamshuipo Kaifong Welfare Association Primary School,男女校,是,深水埗區,40,資助,6.11,6.37,6.19,8.6,8.6,8.5,8.8,8.5,33,9500,20889,2200,23089,6.01,22.9,-2.2,19.9,37.5,搬屋更貴,觀塘月華街 633呎 租$17000+位$2250,3.0,1000.0,3.0,無,3.0,8.0,7.0,6.6,5.4,,,,1,260,https://www.chsc.hk/psp2026/sch_detail.php?lang_id=2&sch_id=260&return_page=sch_list.php%3Flang_id%3D2%26search_mode%3D%26frmMode%3Dpagebreak%26district_id%3D9%26sort_id%3D-1
394,351,380,聖公會基愛小學,S.K.H. Kei Oi Primary School,男女校,是,深水埗區,40,資助,6.11,6.37,6.19,8.6,8.6,8.5,8.8,8.5,33,9500,20889,2200,23089,6.01,22.9,-2.2,19.9,37.5,搬屋更貴,觀塘月華街 633呎 租$17000+位$2250,3.0,1630.0,3.0,無,3.0,8.0,7.0,6.6,5.4,,,,1,273,https://www.chsc.hk/psp2026/sch_detail.php?lang_id=2&sch_id=273&return_page=sch_list.php%3Flang_id%3D2%26search_mode%3D%26frmMode%3Dpagebreak%26district_id%3D9%26sort_id%3D-1
429,352,398,保良局香港道教聯合會圓玄小學,Po Leung Kuk Hong Kong Taoist Association Yuen Yuen Primary School,男女校,是,屯門區,/,直資,5.8,6.36,6.11,9.6,9.6,9.7,9.4,9.9,28,8500,17724,1800,19524,5.38,4.3,-20.0,1.4,23.1,同現址水平,觀塘月華街 633呎 租$17000+位$2250,4.5,3500.0,3.0,無,3.0,8.0,8.3,2.0,10.0,,,,3,333,https://www.chsc.hk/psp2026/sch_detail.php?lang_id=2&sch_id=333&return_page=sch_list.php%3Flang_id%3D2%26search_mode%3D%26frmMode%3Dpagebreak%26district_id%3D17%26sort_id%3D-1
265,353,299,太古小學,Taikoo Primary School,男女校,是,香港東區,14,資助,6.53,6.36,6.53,6.1,6.1,6.1,6.0,6.2,42,14000,26586,2400,28986,8.86,56.4,6.7,50.6,102.7,搬屋更貴,觀塘月華街 633呎 租$17000+位$2250,9.0,10870.0,3.0,無,3.0,8.0,8.6,6.2,5.8,,,,2,39,https://www.chsc.hk/psp2026/sch_detail.php?lang_id=2&sch_id=39&return_page=sch_list.php%3Flang_id%3D2%26search_mode%3D%26frmMode%3Dpagebreak%26district_id%3D2%26sort_id%3D-1
316,354,331,黃埔宣道小學,"Alliance Primary School, Whampoa",男女校,是,九龍城區,35,資助,6.4,6.34,6.4,6.7,6.7,6.7,6.6,6.7,40,13000,25320,2400,27720,8.23,48.9,6.7,44.0,88.3,搬屋更貴,觀塘月華街 633呎 租$17000+位$2250,6.0,6200.0,3.0,無,3.0,8.0,8.5,6.6,5.4,,,,3,81,https://www.chsc.hk/psp2026/sch_detail.php?lang_id=2&sch_id=81&return_page=sch_list.php%3Flang_id%3D2%26search_mode%3D%26frmMode%3Dpagebreak%26district_id%3D6%26sort_id%3D-1
385,355,375,華德學校,Bishop Walsh Primary School,男女校,是,黃大仙區,41,資助,6.13,6.33,6.21,8.1,8.1,7.9,8.4,8.0,35,10000,22155,2250,24405,6.33,30.3,0.0,26.8,44.9,搬屋更貴,觀塘月華街 633呎 租$17000+位$2250,3.0,3123.0,3.0,無,3.0,8.0,7.8,6.3,5.7,,,,2,457,https://www.chsc.hk/psp2026/sch_detail.php?lang_id=2&sch_id=457&return_page=sch_list.php%3Flang_id%3D2%26search_mode%3D%26frmMode%3Dpagebreak%26district_id%3D10%26sort_id%3D-1
367,356,327,香港培道小學,Pooi To Primary School,男女校,是,九龍城區,/,私立,6.23,6.33,6.42,6.7,6.7,6.7,6.6,6.7,40,13000,25320,2400,27720,8.23,48.9,6.7,44.0,88.3,搬屋更貴,觀塘月華街 633呎 租$17000+位$2250,10.0,14660.0,5.0,香港培道中學,5.0,8.0,8.3,2.0,10.0,,,,2,92,https://www.chsc.hk/psp2026/sch_detail.php?lang_id=2&sch_id=92&return_page=sch_list.php%3Flang_id%3D2%26search_mode%3D%26frmMode%3Dpagebreak%26district_id%3D6%26sort_id%3D-1
370,357,366,迦密愛禮信小學,Carmel Alison Lam Primary School,男女校,是,沙田區,88,資助,6.22,6.32,6.27,7.7,7.7,7.7,7.5,7.8,36,11500,22788,2000,24788,7.28,34.0,-11.1,28.8,66.6,搬屋更貴,觀塘月華街 633呎 租$17000+位$2250,6.0,6200.0,3.0,無,3.0,8.0,6.9,6.6,5.4,,,,1,290,https://www.chsc.hk/psp2026/sch_detail.php?lang_id=2&sch_id=290&return_page=sch_list.php%3Flang_id%3D2%26search_mode%3D%26frmMode%3Dpagebreak%26district_id%3D13%26sort_id%3D-1
275,358,312,香港南區官立小學,Hong Kong Southern District Government Primary School,男女校,是,香港南區,18,官立,6.5,6.32,6.46,5.4,5.4,5.4,5.3,5.4,45,15000,28485,2500,30985,9.49,67.6,11.1,61.0,117.2,搬屋更貴,觀塘月華街 633呎 租$17000+位$2250,4.5,4840.0,5.0,英皇書院、庇理羅士女子中學、金文泰中學、鄧肇堅維多利亞官立中學,5.0,8.0,9.0,6.5,5.5,,,,2,247,https://www.chsc.hk/psp2026/sch_detail.php?lang_id=2&sch_id=247&return_page=sch_list.php%3Flang_id%3D2%26search_mode%3D%26frmMode%3Dpagebreak%26district_id%3D4%26sort_id%3D-1
400,359,392,中華基督教會大澳小學,C.C.C. Tai O Primary School,男女校,是,離島區,98,資助,6.07,6.31,6.14,8.4,8.4,8.7,7.8,8.8,32,11000,20256,2000,22256,6.96,19.2,-11.1,15.6,59.3,搬屋更貴,觀塘月華街 633呎 租$17000+位$2250,3.0,1300.0,3.0,無,3.0,8.0,7.0,6.6,5.4,,,,1,63,https://www.chsc.hk/psp2026/sch_detail.php?lang_id=2&sch_id=63&return_page=sch_list.php%3Flang_id%3D2%26search_mode%3D%26frmMode%3Dpagebreak%26district_id%3D3%26sort_id%3D-1
401,360,393,中華基督教會長洲堂錦江小學,C.C.C. Cheung Chau Church Kam Kong Primary School,男女校,是,離島區,97,資助,6.07,6.31,6.14,8.4,8.4,8.7,7.8,8.8,32,11000,20256,2000,22256,6.96,19.2,-11.1,15.6,59.3,搬屋更貴,觀塘月華街 633呎 租$17000+位$2250,3.0,2000.0,3.0,無,3.0,8.0,7.0,6.6,5.4,,,,1,69,https://www.chsc.hk/psp2026/sch_detail.php?lang_id=2&sch_id=69&return_page=sch_list.php%3Flang_id%3D2%26search_mode%3D%26frmMode%3Dpagebreak%26district_id%3D3%26sort_id%3D-1
300,361,323,中華基督教會基灣小學（愛蝶灣）,C.C.C. Kei Wan Primary School (Aldrich Bay),男女校,是,香港東區,16,資助,6.44,6.3,6.42,6.1,6.1,6.1,6.0,6.2,42,14000,26586,2400,28986,8.86,56.4,6.7,50.6,102.7,搬屋更貴,觀塘月華街 633呎 租$17000+位$2250,6.0,5100.0,3.0,無,3.0,8.0,9.2,6.6,5.4,,,,3,25,https://www.chsc.hk/psp2026/sch_detail.php?lang_id=2&sch_id=25&return_page=sch_list.php%3Flang_id%3D2%26search_mode%3D%26frmMode%3Dpagebreak%26district_id%3D2%26sort_id%3D-1
329,362,342,聖公會聖十架小學,S.K.H. Holy Cross Primary School,男女校,是,九龍城區,34,資助,6.35,6.3,6.36,6.7,6.7,6.7,6.6,6.7,40,13000,25320,2400,27720,8.23,48.9,6.7,44.0,88.3,搬屋更貴,觀塘月華街 633呎 租$17000+位$2250,6.0,6800.0,3.0,無,3.0,8.0,8.4,6.5,5.5,,,,1,453,https://www.chsc.hk/psp2026/sch_detail.php?lang_id=2&sch_id=453&return_page=sch_list.php%3Flang_id%3D2%26search_mode%3D%26frmMode%3Dpagebreak%26district_id%3D6%26sort_id%3D-1
304,363,326,香港中國婦女會丘佐榮學校,The H.K.C.W.C. Hioe Tjo Yoeng Primary School,男女校,是,香港東區,16,資助,6.44,6.3,6.42,6.1,6.1,6.1,6.0,6.2,42,14000,26586,2400,28986,8.86,56.4,6.7,50.6,102.7,搬屋更貴,觀塘月華街 633呎 租$17000+位$2250,6.0,5000.0,3.0,無,3.0,8.0,9.2,6.6,5.4,,,,3,49,https://www.chsc.hk/psp2026/sch_detail.php?lang_id=2&sch_id=49&return_page=sch_list.php%3Flang_id%3D2%26search_mode%3D%26frmMode%3Dpagebreak%26district_id%3D2%26sort_id%3D-1
296,364,325,聖伯多祿天主教小學,St. Peter's Catholic Primary School,男女校,是,香港南區,18,資助,6.46,6.28,6.42,5.4,5.4,5.4,5.3,5.4,45,15000,28485,2500,30985,9.49,67.6,11.1,61.0,117.2,搬屋更貴,觀塘月華街 633呎 租$17000+位$2250,6.0,6200.0,5.5,聖伯多祿中學,6.0,8.0,7.4,6.5,5.5,,,,1,239,https://www.chsc.hk/psp2026/sch_detail.php?lang_id=2&sch_id=239&return_page=sch_list.php%3Flang_id%3D2%26search_mode%3D%26frmMode%3Dpagebreak%26district_id%3D4%26sort_id%3D-1
341,365,355,聖公會奉基千禧小學,S.K.H. Fung Kei Millennium Primary School,男女校,是,九龍城區,35,資助,6.31,6.28,6.32,6.7,6.7,6.7,6.6,6.7,40,13000,25320,2400,27720,8.23,48.9,6.7,44.0,88.3,搬屋更貴,觀塘月華街 633呎 租$17000+位$2250,4.5,3500.0,3.0,無,3.0,8.0,8.8,6.6,5.4,,,,3,82,https://www.chsc.hk/psp2026/sch_detail.php?lang_id=2&sch_id=82&return_page=sch_list.php%3Flang_id%3D2%26search_mode%3D%26frmMode%3Dpagebreak%26district_id%3D6%26sort_id%3D-1
364,366,370,景林天主教小學,King Lam Catholic Primary School,男女校,是,西貢區,95,資助,6.23,6.27,6.25,7.2,7.2,7.2,7.2,7.3,38,12000,24054,2100,26154,7.6,41.5,-6.7,35.9,73.9,搬屋更貴,觀塘月華街 633呎 租$17000+位$2250,4.5,4520.0,3.0,無,3.0,8.0,8.0,6.6,5.4,,,,2,221,https://www.chsc.hk/psp2026/sch_detail.php?lang_id=2&sch_id=221&return_page=sch_list.php%3Flang_id%3D2%26search_mode%3D%26frmMode%3Dpagebreak%26district_id%3D8%26sort_id%3D-1
365,367,371,樂善堂劉德學校,Lok Sin Tong Lau Tak Primary School,男女校,是,西貢區,95,資助,6.23,6.27,6.25,7.2,7.2,7.2,7.2,7.3,38,12000,24054,2100,26154,7.6,41.5,-6.7,35.9,73.9,搬屋更貴,觀塘月華街 633呎 租$17000+位$2250,4.5,4520.0,3.0,無,3.0,8.0,8.0,6.6,5.4,,,,2,218,https://www.chsc.hk/psp2026/sch_detail.php?lang_id=2&sch_id=218&return_page=sch_list.php%3Flang_id%3D2%26search_mode%3D%26frmMode%3Dpagebreak%26district_id%3D8%26sort_id%3D-1
379,368,381,九龍城浸信會禧年（恩平）小學,Kowloon City Baptist Church Hay Nien (Yan Ping) Primary School,男女校,是,沙田區,88,資助,6.14,6.26,6.18,7.7,7.7,7.7,7.5,7.8,36,11500,22788,2000,24788,7.28,34.0,-11.1,28.8,66.6,搬屋更貴,觀塘月華街 633呎 租$17000+位$2250,4.5,4000.0,3.0,無,3.0,8.0,7.2,6.6,5.4,,,,1,319,https://www.chsc.hk/psp2026/sch_detail.php?lang_id=2&sch_id=319&return_page=sch_list.php%3Flang_id%3D2%26search_mode%3D%26frmMode%3Dpagebreak%26district_id%3D13%26sort_id%3D-1
380,369,383,基督教香港信義會馬鞍山信義學校,ELCHK Ma On Shan Lutheran Primary School,男女校,是,沙田區,89,資助,6.14,6.26,6.18,7.7,7.7,7.7,7.5,7.8,36,11500,22788,2000,24788,7.28,34.0,-11.1,28.8,66.6,搬屋更貴,觀塘月華街 633呎 租$17000+位$2250,4.5,3500.0,3.0,無,3.0,8.0,7.2,6.6,5.4,,,,1,298,https://www.chsc.hk/psp2026/sch_detail.php?lang_id=2&sch_id=298&return_page=sch_list.php%3Flang_id%3D2%26search_mode%3D%26frmMode%3Dpagebreak%26district_id%3D13%26sort_id%3D-1
387,370,385,天主教聖華學校,The Little Flower's Catholic Primary School,男女校,是,沙田區,91,資助,6.12,6.26,6.17,7.7,7.7,7.7,7.5,7.8,36,11500,22788,2000,24788,7.28,34.0,-11.1,28.8,66.6,搬屋更貴,觀塘月華街 633呎 租$17000+位$2250,3.0,1000.0,3.0,無,3.0,8.0,7.8,6.6,5.4,,,,2,324,https://www.chsc.hk/psp2026/sch_detail.php?lang_id=2&sch_id=324&return_page=sch_list.php%3Flang_id%3D2%26search_mode%3D%26frmMode%3Dpagebreak%26district_id%3D13%26sort_id%3D-1
388,371,386,循理會美林小學,Free Methodist Mei Lam Primary School,男女校,是,沙田區,88,資助,6.12,6.26,6.17,7.7,7.7,7.7,7.5,7.8,36,11500,22788,2000,24788,7.28,34.0,-11.1,28.8,66.6,搬屋更貴,觀塘月華街 633呎 租$17000+位$2250,3.0,2000.0,3.0,無,3.0,8.0,7.8,6.6,5.4,,,,2,293,https://www.chsc.hk/psp2026/sch_detail.php?lang_id=2&sch_id=293&return_page=sch_list.php%3Flang_id%3D2%26search_mode%3D%26frmMode%3Dpagebreak%26district_id%3D13%26sort_id%3D-1
315,372,334,救世軍韋理夫人紀念學校,The Salvation Army Ann Wyllie Memorial School,男女校,是,香港東區,16,資助,6.4,6.26,6.38,6.1,6.1,6.1,6.0,6.2,42,14000,26586,2400,28986,8.86,56.4,6.7,50.6,102.7,搬屋更貴,觀塘月華街 633呎 租$17000+位$2250,6.0,5000.0,3.0,無,3.0,8.0,9.0,6.6,5.4,,,,3,50,https://www.chsc.hk/psp2026/sch_detail.php?lang_id=2&sch_id=50&return_page=sch_list.php%3Flang_id%3D2%26search_mode%3D%26frmMode%3Dpagebreak%26district_id%3D2%26sort_id%3D-1
389,373,387,東華三院冼次雲小學,TWGHs Sin Chu Wan Primary School,男女校,是,沙田區,88,資助,6.12,6.26,6.17,7.7,7.7,7.7,7.5,7.8,36,11500,22788,2000,24788,7.28,34.0,-11.1,28.8,66.6,搬屋更貴,觀塘月華街 633呎 租$17000+位$2250,3.0,3451.0,3.0,無,3.0,8.0,7.8,6.6,5.4,,,,2,295,https://www.chsc.hk/psp2026/sch_detail.php?lang_id=2&sch_id=295&return_page=sch_list.php%3Flang_id%3D2%26search_mode%3D%26frmMode%3Dpagebreak%26district_id%3D13%26sort_id%3D-1
339,374,354,獻主會小學,Oblate Primary School,男女校,是,九龍城區,34,資助,6.31,6.26,6.32,6.7,6.7,6.7,6.6,6.7,40,13000,25320,2400,27720,8.23,48.9,6.7,44.0,88.3,搬屋更貴,觀塘月華街 633呎 租$17000+位$2250,6.0,5230.0,3.0,無,3.0,8.0,8.2,6.5,5.5,,,,2,75,https://www.chsc.hk/psp2026/sch_detail.php?lang_id=2&sch_id=75&return_page=sch_list.php%3Flang_id%3D2%26search_mode%3D%26frmMode%3Dpagebreak%26district_id%3D6%26sort_id%3D-1
390,375,388,聖公會主風小學,S.K.H. Holy Spirit Primary School,男女校,是,沙田區,91,資助,6.12,6.26,6.17,7.7,7.7,7.7,7.5,7.8,36,11500,22788,2000,24788,7.28,34.0,-11.1,28.8,66.6,搬屋更貴,觀塘月華街 633呎 租$17000+位$2250,3.0,1200.0,3.0,無,3.0,8.0,7.8,6.6,5.4,,,,2,311,https://www.chsc.hk/psp2026/sch_detail.php?lang_id=2&sch_id=311&return_page=sch_list.php%3Flang_id%3D2%26search_mode%3D%26frmMode%3Dpagebreak%26district_id%3D13%26sort_id%3D-1
321,376,341,聖公會柴灣聖米迦勒小學,S.K.H. Chai Wan St. Michael's Primary School,男女校,是,香港東區,16,資助,6.38,6.26,6.36,6.1,6.1,6.1,6.0,6.2,42,14000,26586,2400,28986,8.86,56.4,6.7,50.6,102.7,搬屋更貴,觀塘月華街 633呎 租$17000+位$2250,4.5,4700.0,3.0,無,3.0,8.0,9.6,6.6,5.4,,,,4,45,https://www.chsc.hk/psp2026/sch_detail.php?lang_id=2&sch_id=45&return_page=sch_list.php%3Flang_id%3D2%26search_mode%3D%26frmMode%3Dpagebreak%26district_id%3D2%26sort_id%3D-1
404,377,399,天佑小學,Mary of Providence Primary School,男女校,是,荃灣區,62,資助,6.04,6.25,6.1,8.2,8.2,8.2,8.1,8.3,34,10500,21522,2000,23522,6.65,26.6,-11.1,22.2,52.2,搬屋更貴,觀塘月華街 633呎 租$17000+位$2250,3.0,2120.0,3.0,無,3.0,8.0,7.0,6.6,5.4,,,,1,404,https://www.chsc.hk/psp2026/sch_detail.php?lang_id=2&sch_id=404&return_page=sch_list.php%3Flang_id%3D2%26search_mode%3D%26frmMode%3Dpagebreak%26district_id%3D16%26sort_id%3D-1
405,378,400,聖公會主愛小學（梨木樹）,S.K.H. Chu Oi Primary School (Lei Muk Shue),男女校,是,荃灣區,64,資助,6.04,6.25,6.1,8.2,8.2,8.2,8.1,8.3,34,10500,21522,2000,23522,6.65,26.6,-11.1,22.2,52.2,搬屋更貴,觀塘月華街 633呎 租$17000+位$2250,3.0,780.0,3.0,無,3.0,8.0,7.0,6.6,5.4,,,,1,402,https://www.chsc.hk/psp2026/sch_detail.php?lang_id=2&sch_id=402&return_page=sch_list.php%3Flang_id%3D2%26search_mode%3D%26frmMode%3Dpagebreak%26district_id%3D16%26sort_id%3D-1
406,379,402,荃灣公立何傳耀紀念小學,Tsuen Wan Public Ho Chuen Yiu Memorial Primary School,男女校,是,荃灣區,62,資助,6.04,6.25,6.1,8.2,8.2,8.2,8.1,8.3,34,10500,21522,2000,23522,6.65,26.6,-11.1,22.2,52.2,搬屋更貴,觀塘月華街 633呎 租$17000+位$2250,3.0,1200.0,3.0,無,3.0,8.0,7.0,6.6,5.4,,,,1,399,https://www.chsc.hk/psp2026/sch_detail.php?lang_id=2&sch_id=399&return_page=sch_list.php%3Flang_id%3D2%26search_mode%3D%26frmMode%3Dpagebreak%26district_id%3D16%26sort_id%3D-1
407,380,403,荃灣天主教小學,Tsuen Wan Catholic Primary School,男女校,是,荃灣區,62,資助,6.04,6.25,6.1,8.2,8.2,8.2,8.1,8.3,34,10500,21522,2000,23522,6.65,26.6,-11.1,22.2,52.2,搬屋更貴,觀塘月華街 633呎 租$17000+位$2250,3.0,1818.0,3.0,無,3.0,8.0,7.0,6.6,5.4,,,,1,397,https://www.chsc.hk/psp2026/sch_detail.php?lang_id=2&sch_id=397&return_page=sch_list.php%3Flang_id%3D2%26search_mode%3D%26frmMode%3Dpagebreak%26district_id%3D16%26sort_id%3D-1
357,381,365,拔萃小學,Diocesan Preparatory School,男女校,是,九龍城區,41,資助,6.25,6.24,6.27,6.7,6.7,6.7,6.6,6.7,40,13000,25320,2400,27720,8.23,48.9,6.7,44.0,88.3,搬屋更貴,觀塘月華街 633呎 租$17000+位$2250,4.5,4257.0,3.0,無,3.0,8.0,8.8,6.3,5.7,,,,3,93,https://www.chsc.hk/psp2026/sch_detail.php?lang_id=2&sch_id=93&return_page=sch_list.php%3Flang_id%3D2%26search_mode%3D%26frmMode%3Dpagebreak%26district_id%3D6%26sort_id%3D-1
408,382,407,中華基督教會基華小學,C.C.C. Kei Wa Primary School,男女校,是,黃大仙區,45,資助,6.02,6.22,6.08,8.1,8.1,7.9,8.4,8.0,35,10000,22155,2250,24405,6.33,30.3,0.0,26.8,44.9,搬屋更貴,觀塘月華街 633呎 租$17000+位$2250,3.0,2000.0,3.0,無,3.0,8.0,7.0,6.6,5.4,,,,1,436,https://www.chsc.hk/psp2026/sch_detail.php?lang_id=2&sch_id=436&return_page=sch_list.php%3Flang_id%3D2%26search_mode%3D%26frmMode%3Dpagebreak%26district_id%3D10%26sort_id%3D-1
410,383,408,聖公會基德小學,S.K.H. Kei Tak Primary School,男女校,是,黃大仙區,43,資助,6.02,6.22,6.08,8.1,8.1,7.9,8.4,8.0,35,10000,22155,2250,24405,6.33,30.3,0.0,26.8,44.9,搬屋更貴,觀塘月華街 633呎 租$17000+位$2250,3.0,3400.0,3.0,無,3.0,8.0,7.0,6.6,5.4,,,,1,448,https://www.chsc.hk/psp2026/sch_detail.php?lang_id=2&sch_id=448&return_page=sch_list.php%3Flang_id%3D2%26search_mode%3D%26frmMode%3Dpagebreak%26district_id%3D10%26sort_id%3D-1
418,384,396,九龍真光中學（小學部）,Kowloon True Light School (Primary Section),男女校,是,九龍城區,/,私立,5.94,6.21,6.12,6.7,6.7,6.7,6.6,6.7,40,13000,25320,2400,27720,8.23,48.9,6.7,44.0,88.3,搬屋更貴,觀塘月華街 633呎 租$17000+位$2250,3.0,1400.0,9.0,九龍真光中學,9.0,8.0,6.5,2.0,10.0,,,,1,91,https://www.chsc.hk/psp2026/sch_detail.php?lang_id=2&sch_id=91&return_page=sch_list.php%3Flang_id%3D2%26search_mode%3D%26frmMode%3Dpagebreak%26district_id%3D6%26sort_id%3D-1
430,385,411,啟基學校,Chan's Creative School,男女校,是,深水埗區,/,私立,5.78,6.2,6.04,8.6,8.6,8.5,8.8,8.5,33,9500,20889,2200,23089,6.01,22.9,-2.2,19.9,37.5,搬屋更貴,觀塘月華街 633呎 租$17000+位$2250,4.5,3800.0,3.0,無,3.0,8.0,9.0,2.0,10.0,,,,2,277,https://www.chsc.hk/psp2026/sch_detail.php?lang_id=2&sch_id=277&return_page=sch_list.php%3Flang_id%3D2%26search_mode%3D%26frmMode%3Dpagebreak%26district_id%3D9%26sort_id%3D-1
337,386,363,嘉諾撒培德學校,Pui Tak Canossian Primary School,男女校,是,香港南區,18,資助,6.31,6.2,6.27,5.4,5.4,5.4,5.3,5.4,45,15000,28485,2500,30985,9.49,67.6,11.1,61.0,117.2,搬屋更貴,觀塘月華街 633呎 租$17000+位$2250,3.0,1756.0,7.0,嘉諾撒培德書院,7.0,8.0,7.0,6.5,5.5,,,,1,255,https://www.chsc.hk/psp2026/sch_detail.php?lang_id=2&sch_id=255&return_page=sch_list.php%3Flang_id%3D2%26search_mode%3D%26frmMode%3Dpagebreak%26district_id%3D4%26sort_id%3D-1
295,387,324,海怡寶血小學,Precious Blood Primary School (South Horizons),男女校,是,香港南區,18,資助,6.46,6.2,6.42,5.4,5.4,5.4,5.3,5.4,45,15000,28485,2500,30985,9.49,67.6,11.1,61.0,117.2,搬屋更貴,觀塘月華街 633呎 租$17000+位$2250,9.0,9129.0,3.0,無,3.0,8.0,8.6,6.5,5.5,,,,2,243,https://www.chsc.hk/psp2026/sch_detail.php?lang_id=2&sch_id=243&return_page=sch_list.php%3Flang_id%3D2%26search_mode%3D%26frmMode%3Dpagebreak%26district_id%3D4%26sort_id%3D-1
372,388,374,聖公會聖提摩太小學,S.K.H. St. Timothy's Primary School,男女校,是,九龍城區,35,資助,6.21,6.2,6.21,6.7,6.7,6.7,6.6,6.7,40,13000,25320,2400,27720,8.23,48.9,6.7,44.0,88.3,搬屋更貴,觀塘月華街 633呎 租$17000+位$2250,3.0,3406.0,3.0,無,3.0,8.0,9.0,6.6,5.4,,,,2,107,https://www.chsc.hk/psp2026/sch_detail.php?lang_id=2&sch_id=107&return_page=sch_list.php%3Flang_id%3D2%26search_mode%3D%26frmMode%3Dpagebreak%26district_id%3D6%26sort_id%3D-1
362,389,373,滬江小學,Shanghai Alumni Primary School,男女校,是,香港東區,14,資助,6.24,6.18,6.23,6.1,6.1,6.1,6.0,6.2,42,14000,26586,2400,28986,8.86,56.4,6.7,50.6,102.7,搬屋更貴,觀塘月華街 633呎 租$17000+位$2250,4.5,4000.0,5.0,滬江維多利亞學校,5.0,8.0,7.5,6.2,5.8,,,,2,38,https://www.chsc.hk/psp2026/sch_detail.php?lang_id=2&sch_id=38&return_page=sch_list.php%3Flang_id%3D2%26search_mode%3D%26frmMode%3Dpagebreak%26district_id%3D2%26sort_id%3D-1
398,390,372,漢華中學（小學部）,Hon Wah College (Primary Section),男女校,是,香港東區,/,直資,6.08,6.17,6.24,6.1,6.1,6.1,6.0,6.2,42,14000,26586,2400,28986,8.86,56.4,6.7,50.6,102.7,搬屋更貴,觀塘月華街 633呎 租$17000+位$2250,6.0,5710.0,6.0,漢華中學,6.0,8.0,9.0,2.0,10.0,,,,3,55,https://www.chsc.hk/psp2026/sch_detail.php?lang_id=2&sch_id=55&return_page=sch_list.php%3Flang_id%3D2%26search_mode%3D%26frmMode%3Dpagebreak%26district_id%3D2%26sort_id%3D-1
411,391,410,沙田圍胡素貞博士紀念學校,Sha Tin Wai Dr. Catherine F. Woo Memorial School,男女校,是,沙田區,91,資助,6.01,6.16,6.06,7.7,7.7,7.7,7.5,7.8,36,11500,22788,2000,24788,7.28,34.0,-11.1,28.8,66.6,搬屋更貴,觀塘月華街 633呎 租$17000+位$2250,3.0,3300.0,3.0,無,3.0,8.0,7.3,6.6,5.4,,,,2,306,https://www.chsc.hk/psp2026/sch_detail.php?lang_id=2&sch_id=306&return_page=sch_list.php%3Flang_id%3D2%26search_mode%3D%26frmMode%3Dpagebreak%26district_id%3D13%26sort_id%3D-1
381,392,390,天主教領島學校,Ling To Catholic Primary School,男女校,是,九龍城區,34,資助,6.14,6.14,6.15,6.7,6.7,6.7,6.6,6.7,40,13000,25320,2400,27720,8.23,48.9,6.7,44.0,88.3,搬屋更貴,觀塘月華街 633呎 租$17000+位$2250,3.0,2060.0,3.0,無,3.0,8.0,8.8,6.5,5.5,,,,2,73,https://www.chsc.hk/psp2026/sch_detail.php?lang_id=2&sch_id=73&return_page=sch_list.php%3Flang_id%3D2%26search_mode%3D%26frmMode%3Dpagebreak%26district_id%3D6%26sort_id%3D-1
383,393,395,聖公會奉基小學,S.K.H. Fung Kei Primary School,男女校,是,九龍城區,35,資助,6.14,6.12,6.14,6.7,6.7,6.7,6.6,6.7,40,13000,25320,2400,27720,8.23,48.9,6.7,44.0,88.3,搬屋更貴,觀塘月華街 633呎 租$17000+位$2250,4.5,3500.0,3.0,無,3.0,8.0,8.0,6.6,5.4,,,,2,83,https://www.chsc.hk/psp2026/sch_detail.php?lang_id=2&sch_id=83&return_page=sch_list.php%3Flang_id%3D2%26search_mode%3D%26frmMode%3Dpagebreak%26district_id%3D6%26sort_id%3D-1
415,394,416,世界龍岡學校黃耀南小學,L.K.W.F.S.L. Wong Yiu Nam Primary School,男女校,是,沙田區,91,資助,5.95,6.1,5.99,7.7,7.7,7.7,7.5,7.8,36,11500,22788,2000,24788,7.28,34.0,-11.1,28.8,66.6,搬屋更貴,觀塘月華街 633呎 租$17000+位$2250,3.0,1300.0,3.0,無,3.0,8.0,7.0,6.6,5.4,,,,1,307,https://www.chsc.hk/psp2026/sch_detail.php?lang_id=2&sch_id=307&return_page=sch_list.php%3Flang_id%3D2%26search_mode%3D%26frmMode%3Dpagebreak%26district_id%3D13%26sort_id%3D-1
374,395,382,培僑小學,Pui Kiu Primary School,男女校,是,香港東區,16,資助,6.2,6.1,6.18,6.1,6.1,6.1,6.0,6.2,42,14000,26586,2400,28986,8.86,56.4,6.7,50.6,102.7,搬屋更貴,觀塘月華街 633呎 租$17000+位$2250,4.5,4515.0,3.0,無,3.0,8.0,8.8,6.6,5.4,,,,3,44,https://www.chsc.hk/psp2026/sch_detail.php?lang_id=2&sch_id=44&return_page=sch_list.php%3Flang_id%3D2%26search_mode%3D%26frmMode%3Dpagebreak%26district_id%3D2%26sort_id%3D-1
369,396,376,筲箕灣崇真學校,Shaukiwan Tsung Tsin School,男女校,是,香港東區,16,資助,6.22,6.1,6.2,6.1,6.1,6.1,6.0,6.2,42,14000,26586,2400,28986,8.86,56.4,6.7,50.6,102.7,搬屋更貴,觀塘月華街 633呎 租$17000+位$2250,6.0,5800.0,3.0,無,3.0,8.0,8.2,6.6,5.4,,,,2,47,https://www.chsc.hk/psp2026/sch_detail.php?lang_id=2&sch_id=47&return_page=sch_list.php%3Flang_id%3D2%26search_mode%3D%26frmMode%3Dpagebreak%26district_id%3D2%26sort_id%3D-1
417,397,417,胡素貞博士紀念學校,Dr. Catherine F. Woo Memorial School,男女校,是,沙田區,91,資助,5.95,6.1,5.99,7.7,7.7,7.7,7.5,7.8,36,11500,22788,2000,24788,7.28,34.0,-11.1,28.8,66.6,搬屋更貴,觀塘月華街 633呎 租$17000+位$2250,3.0,2318.0,3.0,無,3.0,8.0,7.0,6.6,5.4,,,,1,305,https://www.chsc.hk/psp2026/sch_detail.php?lang_id=2&sch_id=305&return_page=sch_list.php%3Flang_id%3D2%26search_mode%3D%26frmMode%3Dpagebreak%26district_id%3D13%26sort_id%3D-1
395,398,404,中華基督教會基華小學（九龍塘）,C.C.C. Kei Wa Primary School (Kowloon Tong),男女校,是,九龍城區,41,資助,6.08,6.08,6.09,6.7,6.7,6.7,6.6,6.7,40,13000,25320,2400,27720,8.23,48.9,6.7,44.0,88.3,搬屋更貴,觀塘月華街 633呎 租$17000+位$2250,4.5,4200.0,3.0,無,3.0,8.0,8.0,6.3,5.7,,,,2,84,https://www.chsc.hk/psp2026/sch_detail.php?lang_id=2&sch_id=84&return_page=sch_list.php%3Flang_id%3D2%26search_mode%3D%26frmMode%3Dpagebreak%26district_id%3D6%26sort_id%3D-1
396,399,405,九龍塘天主教華德學校,Kowloon Tong Bishop Walsh Catholic School,男女校,是,九龍城區,41,資助,6.08,6.08,6.09,6.7,6.7,6.7,6.6,6.7,40,13000,25320,2400,27720,8.23,48.9,6.7,44.0,88.3,搬屋更貴,觀塘月華街 633呎 租$17000+位$2250,4.5,4000.0,3.0,無,3.0,8.0,8.0,6.3,5.7,,,,2,72,https://www.chsc.hk/psp2026/sch_detail.php?lang_id=2&sch_id=72&return_page=sch_list.php%3Flang_id%3D2%26search_mode%3D%26frmMode%3Dpagebreak%26district_id%3D6%26sort_id%3D-1
386,400,397,佛教中華康山學校,Buddhist Chung Wah Kornhill Primary School,男女校,是,香港東區,14,資助,6.12,6.04,6.12,6.1,6.1,6.1,6.0,6.2,42,14000,26586,2400,28986,8.86,56.4,6.7,50.6,102.7,搬屋更貴,觀塘月華街 633呎 租$17000+位$2250,4.5,4500.0,3.0,無,3.0,8.0,8.8,6.2,5.8,,,,3,30,https://www.chsc.hk/psp2026/sch_detail.php?lang_id=2&sch_id=30&return_page=sch_list.php%3Flang_id%3D2%26search_mode%3D%26frmMode%3Dpagebreak%26district_id%3D2%26sort_id%3D-1
402,401,412,筲箕灣官立小學,Shau Kei Wan Government Primary School,男女校,是,香港東區,16,官立,6.06,6.02,6.04,6.1,6.1,6.1,6.0,6.2,42,14000,26586,2400,28986,8.86,56.4,6.7,50.6,102.7,搬屋更貴,觀塘月華街 633呎 租$17000+位$2250,3.0,2200.0,5.0,筲箕灣官立中學、金文泰中學,5.0,8.0,7.0,6.6,5.4,,,,1,46,https://www.chsc.hk/psp2026/sch_detail.php?lang_id=2&sch_id=46&return_page=sch_list.php%3Flang_id%3D2%26search_mode%3D%26frmMode%3Dpagebreak%26district_id%3D2%26sort_id%3D-1
391,402,406,天主教明德學校,Meng Tak Catholic School,男女校,是,香港東區,16,資助,6.11,6.0,6.09,6.1,6.1,6.1,6.0,6.2,42,14000,26586,2400,28986,8.86,56.4,6.7,50.6,102.7,搬屋更貴,觀塘月華街 633呎 租$17000+位$2250,6.0,5143.0,3.0,無,3.0,8.0,7.7,6.6,5.4,,,,2,43,https://www.chsc.hk/psp2026/sch_detail.php?lang_id=2&sch_id=43&return_page=sch_list.php%3Flang_id%3D2%26search_mode%3D%26frmMode%3Dpagebreak%26district_id%3D2%26sort_id%3D-1
409,403,414,浸信會孔憲紹天虹小學,Baptist Hung Hin Shiu Rainbow Primary School,男女校,是,九龍城區,34,資助,6.02,6.0,6.03,6.7,6.7,6.7,6.6,6.7,40,13000,25320,2400,27720,8.23,48.9,6.7,44.0,88.3,搬屋更貴,觀塘月華街 633呎 租$17000+位$2250,6.0,6250.0,3.0,無,3.0,8.0,6.9,6.5,5.5,,,,1,431,https://www.chsc.hk/psp2026/sch_detail.php?lang_id=2&sch_id=431&return_page=sch_list.php%3Flang_id%3D2%26search_mode%3D%26frmMode%3Dpagebreak%26district_id%3D6%26sort_id%3D-1
413,404,418,九龍靈光小學,"Emmanuel Primary School, Kowloon",男女校,是,九龍城區,34,資助,5.97,5.98,5.97,6.7,6.7,6.7,6.6,6.7,40,13000,25320,2400,27720,8.23,48.9,6.7,44.0,88.3,搬屋更貴,觀塘月華街 633呎 租$17000+位$2250,3.0,1300.0,3.0,無,3.0,8.0,8.0,6.5,5.5,,,,1,97,https://www.chsc.hk/psp2026/sch_detail.php?lang_id=2&sch_id=97&return_page=sch_list.php%3Flang_id%3D2%26search_mode%3D%26frmMode%3Dpagebreak%26district_id%3D6%26sort_id%3D-1
414,405,420,基督教香港信義會紅磡信義學校,ELCHK Hung Hom Lutheran Primary School,男女校,是,九龍城區,34,資助,5.97,5.98,5.97,6.7,6.7,6.7,6.6,6.7,40,13000,25320,2400,27720,8.23,48.9,6.7,44.0,88.3,搬屋更貴,觀塘月華街 633呎 租$17000+位$2250,3.0,1500.0,3.0,無,3.0,8.0,8.0,6.5,5.5,,,,1,96,https://www.chsc.hk/psp2026/sch_detail.php?lang_id=2&sch_id=96&return_page=sch_list.php%3Flang_id%3D2%26search_mode%3D%26frmMode%3Dpagebreak%26district_id%3D6%26sort_id%3D-1
448,406,439,激活英文小學,Gigamind English Primary School,男女校,是,元朗區,/,私立,5.4,5.98,5.69,9.4,9.4,9.5,9.2,9.7,29,8800,18357,1800,20157,5.57,8.0,-20.0,4.7,27.5,同現址水平,觀塘月華街 633呎 租$17000+位$2250,3.0,2500.0,3.0,無,3.0,8.0,7.3,2.0,10.0,,,,2,504,https://www.chsc.hk/psp2026/sch_detail.php?lang_id=2&sch_id=504&return_page=sch_list.php%3Flang_id%3D2%26search_mode%3D%26frmMode%3Dpagebreak%26district_id%3D18%26sort_id%3D-1
412,407,419,北角官立小學,North Point Government Primary School,男女校,是,香港東區,14,官立,5.98,5.96,5.97,6.1,6.1,6.1,6.0,6.2,42,14000,26586,2400,28986,8.86,56.4,6.7,50.6,102.7,搬屋更貴,觀塘月華街 633呎 租$17000+位$2250,3.0,3013.0,5.0,金文泰中學、筲箕灣官立中學,5.0,8.0,7.0,6.2,5.8,,,,1,36,https://www.chsc.hk/psp2026/sch_detail.php?lang_id=2&sch_id=36&return_page=sch_list.php%3Flang_id%3D2%26search_mode%3D%26frmMode%3Dpagebreak%26district_id%3D2%26sort_id%3D-1
446,408,438,地利亞（閩僑）英文小學,Delia (Man Kiu) English Primary School,男女校,是,葵青區,/,直資,5.44,5.96,5.72,9.0,9.0,9.0,8.8,9.1,31,9500,19623,1900,21523,6.01,15.4,-15.6,11.8,37.5,視租買取向,觀塘月華街 633呎 租$17000+位$2250,3.0,1443.0,3.0,無,3.0,8.0,7.8,2.0,10.0,,,,2,162,https://www.chsc.hk/psp2026/sch_detail.php?lang_id=2&sch_id=162&return_page=sch_list.php%3Flang_id%3D2%26search_mode%3D%26frmMode%3Dpagebreak%26district_id%3D15%26sort_id%3D-1
419,409,422,耀山學校,Iu Shan School,男女校,是,九龍城區,41,資助,5.93,5.96,5.94,6.7,6.7,6.7,6.6,6.7,40,13000,25320,2400,27720,8.23,48.9,6.7,44.0,88.3,搬屋更貴,觀塘月華街 633呎 租$17000+位$2250,3.0,950.0,3.0,無,3.0,8.0,8.0,6.3,5.7,,,,1,86,https://www.chsc.hk/psp2026/sch_detail.php?lang_id=2&sch_id=86&return_page=sch_list.php%3Flang_id%3D2%26search_mode%3D%26frmMode%3Dpagebreak%26district_id%3D6%26sort_id%3D-1
420,410,424,獻主會聖馬善樂小學,St. Eugene de Mazenod Oblate Primary School,男女校,是,九龍城區,34,資助,5.92,5.95,5.93,6.7,6.7,6.7,6.6,6.7,40,13000,25320,2400,27720,8.23,48.9,6.7,44.0,88.3,搬屋更貴,觀塘月華街 633呎 租$17000+位$2250,3.0,1700.0,3.0,無,3.0,8.0,7.8,6.5,5.5,,,,2,532,https://www.chsc.hk/psp2026/sch_detail.php?lang_id=2&sch_id=532&return_page=sch_list.php%3Flang_id%3D2%26search_mode%3D%26frmMode%3Dpagebreak%26district_id%3D6%26sort_id%3D-1
384,411,401,聖公會田灣始南小學,S.K.H. Tin Wan Chi Nam Primary School,男女校,是,香港南區,18,資助,6.14,5.94,6.1,5.4,5.4,5.4,5.3,5.4,45,15000,28485,2500,30985,9.49,67.6,11.1,61.0,117.2,搬屋更貴,觀塘月華街 633呎 租$17000+位$2250,6.0,5300.0,3.0,無,3.0,8.0,8.5,6.5,5.5,,,,3,250,https://www.chsc.hk/psp2026/sch_detail.php?lang_id=2&sch_id=250&return_page=sch_list.php%3Flang_id%3D2%26search_mode%3D%26frmMode%3Dpagebreak%26district_id%3D4%26sort_id%3D-1
289,412,305,軒尼詩道官立小學（銅鑼灣）,Hennessy Road Government Primary School (Causeway Bay),男女校,是,灣仔區,12,官立,6.48,5.94,6.48,2.3,3.0,2.3,2.2,2.3,57,20000,36081,2600,38681,12.66,112.2,15.6,100.9,189.7,搬屋更貴,觀塘月華街 633呎 租$17000+位$2250,6.0,5000.0,9.0,皇仁書院、庇理羅士女子中學、何東中學、金文泰中學、鄧肇堅維多利亞官立中學,9.0,8.0,7.4,6.2,5.8,,,,1,422,https://www.chsc.hk/psp2026/sch_detail.php?lang_id=2&sch_id=422&return_page=sch_list.php%3Flang_id%3D2%26search_mode%3D%26frmMode%3Dpagebreak%26district_id%3D5%26sort_id%3D-1
353,413,389,塘尾道官立小學,Tong Mei Road Government Primary School,男女校,是,油尖旺區,32,官立,6.26,5.93,6.15,3.8,3.8,3.6,4.1,3.5,52,17000,32916,2700,35616,10.76,93.6,20.0,85.0,146.2,搬屋更貴,觀塘月華街 633呎 租$17000+位$2250,3.0,2380.0,7.0,伊利沙伯中學、何文田官立中學、九龍工業學校、賽馬會官立中學,7.0,8.0,8.0,6.6,5.4,,,,1,526,https://www.chsc.hk/psp2026/sch_detail.php?lang_id=2&sch_id=526&return_page=sch_list.php%3Flang_id%3D2%26search_mode%3D%26frmMode%3Dpagebreak%26district_id%3D11%26sort_id%3D-1
451,414,441,英藝英文小學,Zenith English Primary School,男女校,是,元朗區,/,私立,5.33,5.92,5.63,9.4,9.4,9.5,9.2,9.7,29,8800,18357,1800,20157,5.57,8.0,-20.0,4.7,27.5,同現址水平,觀塘月華街 633呎 租$17000+位$2250,3.0,3000.0,3.0,無,3.0,8.0,7.0,2.0,10.0,,,,1,542,https://www.chsc.hk/psp2026/sch_detail.php?lang_id=2&sch_id=542&return_page=sch_list.php%3Flang_id%3D2%26search_mode%3D%26frmMode%3Dpagebreak%26district_id%3D18%26sort_id%3D-1
323,415,367,循道學校,Methodist School,男女校,是,油尖旺區,31,資助,6.37,5.89,6.26,3.8,3.8,3.6,4.1,3.5,52,17000,32916,2700,35616,10.76,93.6,20.0,85.0,146.2,搬屋更貴,觀塘月華街 633呎 租$17000+位$2250,9.0,9000.0,3.0,無,3.0,8.0,9.4,6.6,5.4,,,,3,507,https://www.chsc.hk/psp2026/sch_detail.php?lang_id=2&sch_id=507&return_page=sch_list.php%3Flang_id%3D2%26search_mode%3D%26frmMode%3Dpagebreak%26district_id%3D11%26sort_id%3D-1
324,416,368,油蔴地天主教小學（海泓道）,Yaumati Catholic Primary School (Hoi Wang Road),男女校,是,油尖旺區,31,資助,6.37,5.89,6.26,3.8,3.8,3.6,4.1,3.5,52,17000,32916,2700,35616,10.76,93.6,20.0,85.0,146.2,搬屋更貴,觀塘月華街 633呎 租$17000+位$2250,9.0,9900.0,3.0,無,3.0,8.0,9.4,6.6,5.4,,,,3,518,https://www.chsc.hk/psp2026/sch_detail.php?lang_id=2&sch_id=518&return_page=sch_list.php%3Flang_id%3D2%26search_mode%3D%26frmMode%3Dpagebreak%26district_id%3D11%26sort_id%3D-1
416,417,421,北角衞理小學,North Point Methodist Primary School,男女校,是,香港東區,14,資助,5.95,5.88,5.94,6.1,6.1,6.1,6.0,6.2,42,14000,26586,2400,28986,8.86,56.4,6.7,50.6,102.7,搬屋更貴,觀塘月華街 633呎 租$17000+位$2250,4.5,4000.0,3.0,無,3.0,8.0,8.0,6.2,5.8,,,,2,27,https://www.chsc.hk/psp2026/sch_detail.php?lang_id=2&sch_id=27&return_page=sch_list.php%3Flang_id%3D2%26search_mode%3D%26frmMode%3Dpagebreak%26district_id%3D2%26sort_id%3D-1
397,418,413,東華三院鶴山學校,TWGHs Hok Shan School,男女校,是,香港南區,18,資助,6.08,5.88,6.03,5.4,5.4,5.4,5.3,5.4,45,15000,28485,2500,30985,9.49,67.6,11.1,61.0,117.2,搬屋更貴,觀塘月華街 633呎 租$17000+位$2250,6.0,5000.0,3.0,無,3.0,8.0,8.2,6.5,5.5,,,,2,251,https://www.chsc.hk/psp2026/sch_detail.php?lang_id=2&sch_id=251&return_page=sch_list.php%3Flang_id%3D2%26search_mode%3D%26frmMode%3Dpagebreak%26district_id%3D4%26sort_id%3D-1
399,419,415,鴨脷洲街坊學校,Aplichau Kaifong Primary School,男女校,是,香港南區,18,資助,6.08,5.88,6.03,5.4,5.4,5.4,5.3,5.4,45,15000,28485,2500,30985,9.49,67.6,11.1,61.0,117.2,搬屋更貴,觀塘月華街 633呎 租$17000+位$2250,6.0,6200.0,3.0,無,3.0,8.0,8.2,6.5,5.5,,,,2,240,https://www.chsc.hk/psp2026/sch_detail.php?lang_id=2&sch_id=240&return_page=sch_list.php%3Flang_id%3D2%26search_mode%3D%26frmMode%3Dpagebreak%26district_id%3D4%26sort_id%3D-1
354,420,394,德信學校,Tak Sun School,男校,是,油尖旺區,31,資助,6.26,5.87,6.14,3.8,3.8,3.6,4.1,3.5,52,17000,32916,2700,35616,10.76,93.6,20.0,85.0,146.2,搬屋更貴,觀塘月華街 633呎 租$17000+位$2250,4.5,4000.0,5.0,德信中學,5.0,8.0,9.1,6.6,5.4,,,,3,515,https://www.chsc.hk/psp2026/sch_detail.php?lang_id=2&sch_id=515&return_page=sch_list.php%3Flang_id%3D2%26search_mode%3D%26frmMode%3Dpagebreak%26district_id%3D11%26sort_id%3D-1
335,421,357,聖若瑟小學,St. Joseph's Primary School,男校,是,灣仔區,12,資助,6.32,5.84,6.32,2.3,3.0,2.3,2.2,2.3,57,20000,36081,2600,38681,12.66,112.2,15.6,100.9,189.7,搬屋更貴,觀塘月華街 633呎 租$17000+位$2250,3.0,2380.0,9.5,聖若瑟書院,10.0,8.0,7.3,6.2,5.8,,,,1,424,https://www.chsc.hk/psp2026/sch_detail.php?lang_id=2&sch_id=424&return_page=sch_list.php%3Flang_id%3D2%26search_mode%3D%26frmMode%3Dpagebreak%26district_id%3D5%26sort_id%3D-1
338,422,377,大角嘴天主教小學,Tai Kok Tsui Catholic Primary School,男女校,是,油尖旺區,32,資助,6.31,5.83,6.19,3.8,3.8,3.6,4.1,3.5,52,17000,32916,2700,35616,10.76,93.6,20.0,85.0,146.2,搬屋更貴,觀塘月華街 633呎 租$17000+位$2250,9.0,10320.0,3.0,無,3.0,8.0,9.1,6.6,5.4,,,,1,525,https://www.chsc.hk/psp2026/sch_detail.php?lang_id=2&sch_id=525&return_page=sch_list.php%3Flang_id%3D2%26search_mode%3D%26frmMode%3Dpagebreak%26district_id%3D11%26sort_id%3D-1
433,423,434,聖公會牧愛小學,S.K.H. Good Shepherd Primary School,男女校,是,九龍城區,34,資助,5.75,5.79,5.75,6.7,6.7,6.7,6.6,6.7,40,13000,25320,2400,27720,8.23,48.9,6.7,44.0,88.3,搬屋更貴,觀塘月華街 633呎 租$17000+位$2250,3.0,1102.0,3.0,無,3.0,8.0,7.0,6.5,5.5,,,,1,80,https://www.chsc.hk/psp2026/sch_detail.php?lang_id=2&sch_id=80&return_page=sch_list.php%3Flang_id%3D2%26search_mode%3D%26frmMode%3Dpagebreak%26district_id%3D6%26sort_id%3D-1
434,424,435,聖公會聖匠小學,S.K.H. Holy Carpenter Primary School,男女校,是,九龍城區,34,資助,5.75,5.79,5.75,6.7,6.7,6.7,6.6,6.7,40,13000,25320,2400,27720,8.23,48.9,6.7,44.0,88.3,搬屋更貴,觀塘月華街 633呎 租$17000+位$2250,3.0,1791.0,3.0,無,3.0,8.0,7.0,6.5,5.5,,,,1,100,https://www.chsc.hk/psp2026/sch_detail.php?lang_id=2&sch_id=100&return_page=sch_list.php%3Flang_id%3D2%26search_mode%3D%26frmMode%3Dpagebreak%26district_id%3D6%26sort_id%3D-1
427,425,427,中華基督教會基灣小學,C.C.C. Kei Wan Primary School,男女校,是,香港東區,16,資助,5.83,5.78,5.81,6.1,6.1,6.1,6.0,6.2,42,14000,26586,2400,28986,8.86,56.4,6.7,50.6,102.7,搬屋更貴,觀塘月華街 633呎 租$17000+位$2250,3.0,2520.0,3.0,無,3.0,8.0,7.8,6.6,5.4,,,,2,41,https://www.chsc.hk/psp2026/sch_detail.php?lang_id=2&sch_id=41&return_page=sch_list.php%3Flang_id%3D2%26search_mode%3D%26frmMode%3Dpagebreak%26district_id%3D2%26sort_id%3D-1
428,426,429,基督教香港信義會信愛學校,The ELCHK Faith Love Lutheran School,男女校,是,香港東區,16,資助,5.83,5.78,5.81,6.1,6.1,6.1,6.0,6.2,42,14000,26586,2400,28986,8.86,56.4,6.7,50.6,102.7,搬屋更貴,觀塘月華街 633呎 租$17000+位$2250,3.0,900.0,3.0,無,3.0,8.0,7.8,6.6,5.4,,,,2,42,https://www.chsc.hk/psp2026/sch_detail.php?lang_id=2&sch_id=42&return_page=sch_list.php%3Flang_id%3D2%26search_mode%3D%26frmMode%3Dpagebreak%26district_id%3D2%26sort_id%3D-1
346,427,360,軒尼詩道官立小學,Hennessy Road Government Primary School,男女校,是,灣仔區,12,官立,6.29,5.78,6.29,2.3,3.0,2.3,2.2,2.3,57,20000,36081,2600,38681,12.66,112.2,15.6,100.9,189.7,搬屋更貴,觀塘月華街 633呎 租$17000+位$2250,4.5,4000.0,9.0,皇仁書院、庇理羅士女子中學、金文泰中學、鄧肇堅維多利亞官立中學、何東中學,9.0,8.0,7.2,6.2,5.8,,,,1,421,https://www.chsc.hk/psp2026/sch_detail.php?lang_id=2&sch_id=421&return_page=sch_list.php%3Flang_id%3D2%26search_mode%3D%26frmMode%3Dpagebreak%26district_id%3D5%26sort_id%3D-1
439,428,428,九龍塘學校（小學部）,Kowloon Tong School (Primary Section),男女校,是,九龍城區,/,私立,5.62,5.75,5.81,6.7,6.7,6.7,6.6,6.7,40,13000,25320,2400,27720,8.23,48.9,6.7,44.0,88.3,搬屋更貴,觀塘月華街 633呎 租$17000+位$2250,9.0,9200.0,3.0,無,3.0,8.0,7.8,2.0,10.0,,,,1,114,https://www.chsc.hk/psp2026/sch_detail.php?lang_id=2&sch_id=114&return_page=sch_list.php%3Flang_id%3D2%26search_mode%3D%26frmMode%3Dpagebreak%26district_id%3D6%26sort_id%3D-1
377,429,349,香港真光中學附屬小學暨幼稚園,"The True Light School of Hong Kong, Primary and Kindergarten Section",男女校,是,灣仔區,/,私立,6.17,5.75,6.34,2.3,3.0,2.3,2.2,2.3,57,20000,36081,2600,38681,12.66,112.2,15.6,100.9,189.7,搬屋更貴,觀塘月華街 633呎 租$17000+位$2250,10.0,30000.0,9.0,香港真光中學,9.0,8.0,8.0,2.0,10.0,,,,1,420,https://www.chsc.hk/psp2026/sch_detail.php?lang_id=2&sch_id=420&return_page=sch_list.php%3Flang_id%3D2%26search_mode%3D%26frmMode%3Dpagebreak%26district_id%3D5%26sort_id%3D-1
453,430,445,九龍禮賢學校,Kowloon Rhenish School,男女校,是,深水埗區,/,私立,5.27,5.74,5.54,8.6,8.6,8.5,8.8,8.5,33,9500,20889,2200,23089,6.01,22.9,-2.2,19.9,37.5,搬屋更貴,觀塘月華街 633呎 租$17000+位$2250,4.5,4207.0,3.0,無,3.0,8.0,6.7,2.0,10.0,,,,1,279,https://www.chsc.hk/psp2026/sch_detail.php?lang_id=2&sch_id=279&return_page=sch_list.php%3Flang_id%3D2%26search_mode%3D%26frmMode%3Dpagebreak%26district_id%3D9%26sort_id%3D-1
455,431,447,聖方濟各英文小學,St. Francis of Assisi's English Primary School,男女校,是,深水埗區,/,私立,5.25,5.74,5.52,8.6,8.6,8.5,8.8,8.5,33,9500,20889,2200,23089,6.01,22.9,-2.2,19.9,37.5,搬屋更貴,觀塘月華街 633呎 租$17000+位$2250,3.0,2000.0,3.0,無,3.0,8.0,7.3,2.0,10.0,,,,2,256,https://www.chsc.hk/psp2026/sch_detail.php?lang_id=2&sch_id=256&return_page=sch_list.php%3Flang_id%3D2%26search_mode%3D%26frmMode%3Dpagebreak%26district_id%3D9%26sort_id%3D-1
403,432,423,佐敦道官立小學,Jordan Road Government Primary School,男女校,是,油尖旺區,31,官立,6.04,5.73,5.93,3.8,3.8,3.6,4.1,3.5,52,17000,32916,2700,35616,10.76,93.6,20.0,85.0,146.2,搬屋更貴,觀塘月華街 633呎 租$17000+位$2250,3.0,1627.0,7.0,伊利沙伯中學、何文田官立中學、賽馬會官立中學、九龍工業學校,7.0,8.0,7.0,6.6,5.4,,,,1,512,https://www.chsc.hk/psp2026/sch_detail.php?lang_id=2&sch_id=512&return_page=sch_list.php%3Flang_id%3D2%26search_mode%3D%26frmMode%3Dpagebreak%26district_id%3D11%26sort_id%3D-1
432,433,433,北角循道學校,Chinese Methodist School (North Point),男女校,是,香港東區,14,資助,5.75,5.72,5.75,6.1,6.1,6.1,6.0,6.2,42,14000,26586,2400,28986,8.86,56.4,6.7,50.6,102.7,搬屋更貴,觀塘月華街 633呎 租$17000+位$2250,3.0,3200.0,3.0,無,3.0,8.0,7.8,6.2,5.8,,,,2,29,https://www.chsc.hk/psp2026/sch_detail.php?lang_id=2&sch_id=29&return_page=sch_list.php%3Flang_id%3D2%26search_mode%3D%26frmMode%3Dpagebreak%26district_id%3D2%26sort_id%3D-1
431,434,431,聖公會聖米迦勒小學,S.K.H. St. Michael's Primary School,男女校,是,香港東區,14,資助,5.77,5.72,5.77,6.1,6.1,6.1,6.0,6.2,42,14000,26586,2400,28986,8.86,56.4,6.7,50.6,102.7,搬屋更貴,觀塘月華街 633呎 租$17000+位$2250,4.5,4500.0,3.0,無,3.0,8.0,7.2,6.2,5.8,,,,1,26,https://www.chsc.hk/psp2026/sch_detail.php?lang_id=2&sch_id=26&return_page=sch_list.php%3Flang_id%3D2%26search_mode%3D%26frmMode%3Dpagebreak%26district_id%3D2%26sort_id%3D-1
425,435,426,聖公會置富始南小學,S.K.H. Chi Fu Chi Nam Primary School,男女校,是,香港南區,18,資助,5.86,5.71,5.82,5.4,5.4,5.4,5.3,5.4,45,15000,28485,2500,30985,9.49,67.6,11.1,61.0,117.2,搬屋更貴,觀塘月華街 633呎 租$17000+位$2250,3.0,2835.0,3.0,無,3.0,8.0,8.6,6.5,5.5,,,,3,244,https://www.chsc.hk/psp2026/sch_detail.php?lang_id=2&sch_id=244&return_page=sch_list.php%3Flang_id%3D2%26search_mode%3D%26frmMode%3Dpagebreak%26district_id%3D4%26sort_id%3D-1
461,436,453,地利亞英文小學暨幼稚園,Delia English Primary School & Kindergarten,男女校,是,深水埗區,/,私立,5.19,5.68,5.45,8.6,8.6,8.5,8.8,8.5,33,9500,20889,2200,23089,6.01,22.9,-2.2,19.9,37.5,搬屋更貴,觀塘月華街 633呎 租$17000+位$2250,3.0,1300.0,3.0,無,3.0,8.0,7.0,2.0,10.0,,,,1,278,https://www.chsc.hk/psp2026/sch_detail.php?lang_id=2&sch_id=278&return_page=sch_list.php%3Flang_id%3D2%26search_mode%3D%26frmMode%3Dpagebreak%26district_id%3D9%26sort_id%3D-1
462,437,454,嶺南大學香港同學會小學,Lingnan University Alumni Association (Hong Kong) Primary School,男女校,是,深水埗區,/,直資,5.19,5.68,5.45,8.6,8.6,8.5,8.8,8.5,33,9500,20889,2200,23089,6.01,22.9,-2.2,19.9,37.5,搬屋更貴,觀塘月華街 633呎 租$17000+位$2250,3.0,1300.0,3.0,無,3.0,8.0,7.0,2.0,10.0,,,,1,286,https://www.chsc.hk/psp2026/sch_detail.php?lang_id=2&sch_id=286&return_page=sch_list.php%3Flang_id%3D2%26search_mode%3D%26frmMode%3Dpagebreak%26district_id%3D9%26sort_id%3D-1
440,438,437,蘇浙小學校,Kiangsu & Chekiang Primary School,男女校,是,香港東區,/,私立,5.56,5.63,5.73,6.1,6.1,6.1,6.0,6.2,42,14000,26586,2400,28986,8.86,56.4,6.7,50.6,102.7,搬屋更貴,觀塘月華街 633呎 租$17000+位$2250,7.5,8500.0,3.0,無,3.0,8.0,8.7,2.0,10.0,,,,3,53,https://www.chsc.hk/psp2026/sch_detail.php?lang_id=2&sch_id=53&return_page=sch_list.php%3Flang_id%3D2%26search_mode%3D%26frmMode%3Dpagebreak%26district_id%3D2%26sort_id%3D-1
436,439,440,丹拿山循道學校,"Chinese Methodist School, Tanner Hill",男女校,是,香港東區,14,資助,5.64,5.62,5.64,6.1,6.1,6.1,6.0,6.2,42,14000,26586,2400,28986,8.86,56.4,6.7,50.6,102.7,搬屋更貴,觀塘月華街 633呎 租$17000+位$2250,3.0,3200.0,3.0,無,3.0,8.0,7.3,6.2,5.8,,,,2,34,https://www.chsc.hk/psp2026/sch_detail.php?lang_id=2&sch_id=34&return_page=sch_list.php%3Flang_id%3D2%26search_mode%3D%26frmMode%3Dpagebreak%26district_id%3D2%26sort_id%3D-1
470,440,460,德雅小學,Tak Nga Primary School,男女校,是,深水埗區,/,私立,5.08,5.58,5.34,8.6,8.6,8.5,8.8,8.5,33,9500,20889,2200,23089,6.01,22.9,-2.2,19.9,37.5,搬屋更貴,觀塘月華街 633呎 租$17000+位$2250,3.0,1260.0,3.0,無,3.0,8.0,6.5,2.0,10.0,,,,1,282,https://www.chsc.hk/psp2026/sch_detail.php?lang_id=2&sch_id=282&return_page=sch_list.php%3Flang_id%3D2%26search_mode%3D%26frmMode%3Dpagebreak%26district_id%3D9%26sort_id%3D-1
449,441,443,九龍塘宣道小學,"Alliance Primary School, Kowloon Tong",男女校,是,九龍城區,/,私立,5.36,5.53,5.55,6.7,6.7,6.7,6.6,6.7,40,13000,25320,2400,27720,8.23,48.9,6.7,44.0,88.3,搬屋更貴,觀塘月華街 633呎 租$17000+位$2250,7.5,7022.0,3.0,無,3.0,8.0,7.3,2.0,10.0,,,,,89,https://www.chsc.hk/psp2026/sch_detail.php?lang_id=2&sch_id=89&return_page=sch_list.php%3Flang_id%3D2%26search_mode%3D%26frmMode%3Dpagebreak%26district_id%3D6%26sort_id%3D-1
378,442,391,聖公會聖雅各小學,S.K.H. St. James' Primary School,男女校,是,灣仔區,12,資助,6.15,5.5,6.15,2.3,3.0,2.3,2.2,2.3,57,20000,36081,2600,38681,12.66,112.2,15.6,100.9,189.7,搬屋更貴,觀塘月華街 633呎 租$17000+位$2250,9.0,11106.0,3.0,無,3.0,8.0,10.0,6.2,5.8,,,,3,417,https://www.chsc.hk/psp2026/sch_detail.php?lang_id=2&sch_id=417&return_page=sch_list.php%3Flang_id%3D2%26search_mode%3D%26frmMode%3Dpagebreak%26district_id%3D5%26sort_id%3D-1
421,443,430,中華基督教會協和小學,C.C.C. Heep Woh Primary School,男女校,是,油尖旺區,32,資助,5.9,5.49,5.78,3.8,3.8,3.6,4.1,3.5,52,17000,32916,2700,35616,10.76,93.6,20.0,85.0,146.2,搬屋更貴,觀塘月華街 633呎 租$17000+位$2250,6.0,5000.0,3.0,無,3.0,8.0,8.6,6.6,5.4,,,,2,521,https://www.chsc.hk/psp2026/sch_detail.php?lang_id=2&sch_id=521&return_page=sch_list.php%3Flang_id%3D2%26search_mode%3D%26frmMode%3Dpagebreak%26district_id%3D11%26sort_id%3D-1
423,444,432,大角嘴天主教小學（海帆道）,Tai Kok Tsui Catholic Primary School (Hoi Fan Road),男女校,是,油尖旺區,32,資助,5.87,5.47,5.76,3.8,3.8,3.6,4.1,3.5,52,17000,32916,2700,35616,10.76,93.6,20.0,85.0,146.2,搬屋更貴,觀塘月華街 633呎 租$17000+位$2250,6.0,6132.0,3.0,無,3.0,8.0,8.5,6.6,5.4,,,,3,510,https://www.chsc.hk/psp2026/sch_detail.php?lang_id=2&sch_id=510&return_page=sch_list.php%3Flang_id%3D2%26search_mode%3D%26frmMode%3Dpagebreak%26district_id%3D11%26sort_id%3D-1
445,445,452,啟基學校（港島）,Chan's Creative School (H.K. Island),男女校,是,香港東區,14,資助,5.47,5.46,5.46,6.1,6.1,6.1,6.0,6.2,42,14000,26586,2400,28986,8.86,56.4,6.7,50.6,102.7,搬屋更貴,觀塘月華街 633呎 租$17000+位$2250,3.0,1462.0,3.0,無,3.0,8.0,6.5,6.2,5.8,,,,1,35,https://www.chsc.hk/psp2026/sch_detail.php?lang_id=2&sch_id=35&return_page=sch_list.php%3Flang_id%3D2%26search_mode%3D%26frmMode%3Dpagebreak%26district_id%3D2%26sort_id%3D-1
441,446,451,華富邨寶血小學,Precious Blood Primary School (Wah Fu Estate),男女校,是,香港南區,/,資助,5.53,5.41,5.48,5.4,5.4,5.4,5.3,5.4,45,15000,28485,2500,30985,9.49,67.6,11.1,61.0,117.2,搬屋更貴,觀塘月華街 633呎 租$17000+位$2250,3.0,3361.0,3.0,無,3.0,8.0,7.0,6.6,5.4,,,,1,249,https://www.chsc.hk/psp2026/sch_detail.php?lang_id=2&sch_id=249&return_page=sch_list.php%3Flang_id%3D2%26search_mode%3D%26frmMode%3Dpagebreak%26district_id%3D4%26sort_id%3D-1
471,447,465,保良局林文燦英文小學,Po Leung Kuk Lam Man Chan English Primary School,男女校,是,九龍城區,/,直資,5.07,5.31,5.25,6.7,6.7,6.7,6.6,6.7,40,13000,25320,2400,27720,8.23,48.9,6.7,44.0,88.3,搬屋更貴,觀塘月華街 633呎 租$17000+位$2250,3.0,2544.0,3.0,無,3.0,8.0,8.0,2.0,10.0,,,,2,116,https://www.chsc.hk/psp2026/sch_detail.php?lang_id=2&sch_id=116&return_page=sch_list.php%3Flang_id%3D2%26search_mode%3D%26frmMode%3Dpagebreak%26district_id%3D6%26sort_id%3D-1
424,448,425,官立嘉道理爵士小學,Sir Ellis Kadoorie (Sookunpo) Primary School,男女校,是,灣仔區,12,官立,5.86,5.3,5.86,2.3,3.0,2.3,2.2,2.3,57,20000,36081,2600,38681,12.66,112.2,15.6,100.9,189.7,搬屋更貴,觀塘月華街 633呎 租$17000+位$2250,6.0,6200.0,5.0,官立嘉道理爵士中學（西九龍）,5.0,8.0,8.2,6.2,5.8,,,,2,410,https://www.chsc.hk/psp2026/sch_detail.php?lang_id=2&sch_id=410&return_page=sch_list.php%3Flang_id%3D2%26search_mode%3D%26frmMode%3Dpagebreak%26district_id%3D5%26sort_id%3D-1
435,449,444,東莞同鄉會方樹泉學校,Tung Koon District Society Fong Shu Chuen School,男女校,是,油尖旺區,31,資助,5.66,5.29,5.55,3.8,3.8,3.6,4.1,3.5,52,17000,32916,2700,35616,10.76,93.6,20.0,85.0,146.2,搬屋更貴,觀塘月華街 633呎 租$17000+位$2250,4.5,4000.0,3.0,無,3.0,8.0,8.2,6.6,5.4,,,,2,516,https://www.chsc.hk/psp2026/sch_detail.php?lang_id=2&sch_id=516&return_page=sch_list.php%3Flang_id%3D2%26search_mode%3D%26frmMode%3Dpagebreak%26district_id%3D11%26sort_id%3D-1
472,450,467,聖若望英文書院（小學部）,St. Johannes College (Primary Section),男女校,是,九龍城區,/,私立,5.04,5.27,5.23,6.7,6.7,6.7,6.6,6.7,40,13000,25320,2400,27720,8.23,48.9,6.7,44.0,88.3,搬屋更貴,觀塘月華街 633呎 租$17000+位$2250,4.5,4000.0,3.0,無,3.0,8.0,7.2,2.0,10.0,,,,1,115,https://www.chsc.hk/psp2026/sch_detail.php?lang_id=2&sch_id=115&return_page=sch_list.php%3Flang_id%3D2%26search_mode%3D%26frmMode%3Dpagebreak%26district_id%3D6%26sort_id%3D-1
437,451,446,中華基督教會基全小學,C.C.C. Kei Tsun Primary School,男女校,是,油尖旺區,32,資助,5.63,5.25,5.52,3.8,3.8,3.6,4.1,3.5,52,17000,32916,2700,35616,10.76,93.6,20.0,85.0,146.2,搬屋更貴,觀塘月華街 633呎 租$17000+位$2250,6.0,6769.0,3.0,無,3.0,8.0,7.4,6.6,5.4,,,,1,522,https://www.chsc.hk/psp2026/sch_detail.php?lang_id=2&sch_id=522&return_page=sch_list.php%3Flang_id%3D2%26search_mode%3D%26frmMode%3Dpagebreak%26district_id%3D11%26sort_id%3D-1
438,452,448,路德會沙崙學校,Sharon Lutheran School,男女校,是,油尖旺區,32,資助,5.63,5.25,5.52,3.8,3.8,3.6,4.1,3.5,52,17000,32916,2700,35616,10.76,93.6,20.0,85.0,146.2,搬屋更貴,觀塘月華街 633呎 租$17000+位$2250,6.0,5700.0,3.0,無,3.0,8.0,7.4,6.6,5.4,,,,1,527,https://www.chsc.hk/psp2026/sch_detail.php?lang_id=2&sch_id=527&return_page=sch_list.php%3Flang_id%3D2%26search_mode%3D%26frmMode%3Dpagebreak%26district_id%3D11%26sort_id%3D-1
444,453,456,油蔴地天主教小學,Yaumati Catholic Primary School,男女校,是,油尖旺區,31,資助,5.48,5.13,5.37,3.8,3.8,3.6,4.1,3.5,52,17000,32916,2700,35616,10.76,93.6,20.0,85.0,146.2,搬屋更貴,觀塘月華街 633呎 租$17000+位$2250,4.5,4000.0,3.0,無,3.0,8.0,7.4,6.6,5.4,,,,1,517,https://www.chsc.hk/psp2026/sch_detail.php?lang_id=2&sch_id=517&return_page=sch_list.php%3Flang_id%3D2%26search_mode%3D%26frmMode%3Dpagebreak%26district_id%3D11%26sort_id%3D-1
447,454,463,聖公會基榮小學,S.K.H. Kei Wing Primary School,男女校,是,油尖旺區,32,資助,5.42,5.09,5.31,3.8,3.8,3.6,4.1,3.5,52,17000,32916,2700,35616,10.76,93.6,20.0,85.0,146.2,搬屋更貴,觀塘月華街 633呎 租$17000+位$2250,3.0,1650.0,3.0,無,3.0,8.0,7.8,6.6,5.4,,,,2,524,https://www.chsc.hk/psp2026/sch_detail.php?lang_id=2&sch_id=524&return_page=sch_list.php%3Flang_id%3D2%26search_mode%3D%26frmMode%3Dpagebreak%26district_id%3D11%26sort_id%3D-1
426,455,409,聖公會聖彼得小學,S.K.H. St. Peter's Primary School,男女校,是,中西區,11,資助,5.85,5.05,6.07,1.0,3.0,1.0,1.0,1.0,62,22000,39246,2800,42046,13.93,130.9,24.4,118.4,218.8,搬屋更貴,觀塘月華街 633呎 租$17000+位$2250,7.5,7960.0,3.0,無,3.0,8.0,10.0,6.6,5.4,,,,4,17,https://www.chsc.hk/psp2026/sch_detail.php?lang_id=2&sch_id=17&return_page=sch_list.php%3Flang_id%3D2%26search_mode%3D%26frmMode%3Dpagebreak%26district_id%3D1%26sort_id%3D-1
443,456,450,佛教黃焯菴小學,Buddhist Wong Cheuk Um Primary School,男女校,是,灣仔區,12,資助,5.49,5.02,5.49,2.3,3.0,2.3,2.2,2.3,57,20000,36081,2600,38681,12.66,112.2,15.6,100.9,189.7,搬屋更貴,觀塘月華街 633呎 租$17000+位$2250,3.0,2000.0,6.0,佛教黃鳳翎中學,6.0,8.0,7.0,6.2,5.8,,,,1,406,https://www.chsc.hk/psp2026/sch_detail.php?lang_id=2&sch_id=406&return_page=sch_list.php%3Flang_id%3D2%26search_mode%3D%26frmMode%3Dpagebreak%26district_id%3D5%26sort_id%3D-1
483,457,480,啟思小學,Creative Primary School,男女校,是,九龍城區,/,私立,4.74,5.01,4.92,6.7,6.7,6.7,6.6,6.7,40,13000,25320,2400,27720,8.23,48.9,6.7,44.0,88.3,搬屋更貴,觀塘月華街 633呎 租$17000+位$2250,3.0,3400.0,3.0,無,3.0,8.0,6.5,2.0,10.0,,,,1,111,https://www.chsc.hk/psp2026/sch_detail.php?lang_id=2&sch_id=111&return_page=sch_list.php%3Flang_id%3D2%26search_mode%3D%26frmMode%3Dpagebreak%26district_id%3D6%26sort_id%3D-1
456,458,474,中華基督教會灣仔堂基道小學,C.C.C. Wanchai Church Kei To Primary School,男女校,是,油尖旺區,31,資助,5.24,4.93,5.13,3.8,3.8,3.6,4.1,3.5,52,17000,32916,2700,35616,10.76,93.6,20.0,85.0,146.2,搬屋更貴,觀塘月華街 633呎 租$17000+位$2250,3.0,3277.0,3.0,無,3.0,8.0,7.0,6.6,5.4,,,,1,511,https://www.chsc.hk/psp2026/sch_detail.php?lang_id=2&sch_id=511&return_page=sch_list.php%3Flang_id%3D2%26search_mode%3D%26frmMode%3Dpagebreak%26district_id%3D11%26sort_id%3D-1
457,459,475,東華三院羅裕積小學,TWGHs Lo Yu Chik Primary School,男女校,是,油尖旺區,31,資助,5.24,4.93,5.13,3.8,3.8,3.6,4.1,3.5,52,17000,32916,2700,35616,10.76,93.6,20.0,85.0,146.2,搬屋更貴,觀塘月華街 633呎 租$17000+位$2250,3.0,2550.0,3.0,無,3.0,8.0,7.0,6.6,5.4,,,,1,514,https://www.chsc.hk/psp2026/sch_detail.php?lang_id=2&sch_id=514&return_page=sch_list.php%3Flang_id%3D2%26search_mode%3D%26frmMode%3Dpagebreak%26district_id%3D11%26sort_id%3D-1
458,460,476,油蔴地街坊會學校,Yaumati Kaifong Association School,男女校,是,油尖旺區,31,資助,5.24,4.93,5.13,3.8,3.8,3.6,4.1,3.5,52,17000,32916,2700,35616,10.76,93.6,20.0,85.0,146.2,搬屋更貴,觀塘月華街 633呎 租$17000+位$2250,3.0,2484.0,3.0,無,3.0,8.0,7.0,6.6,5.4,,,,1,519,https://www.chsc.hk/psp2026/sch_detail.php?lang_id=2&sch_id=519&return_page=sch_list.php%3Flang_id%3D2%26search_mode%3D%26frmMode%3Dpagebreak%26district_id%3D11%26sort_id%3D-1
459,461,477,鮮魚行學校,Fresh Fish Traders' School,男女校,是,油尖旺區,32,資助,5.24,4.93,5.13,3.8,3.8,3.6,4.1,3.5,52,17000,32916,2700,35616,10.76,93.6,20.0,85.0,146.2,搬屋更貴,觀塘月華街 633呎 租$17000+位$2250,3.0,1000.0,3.0,無,3.0,8.0,7.0,6.6,5.4,,,,1,523,https://www.chsc.hk/psp2026/sch_detail.php?lang_id=2&sch_id=523&return_page=sch_list.php%3Flang_id%3D2%26search_mode%3D%26frmMode%3Dpagebreak%26district_id%3D11%26sort_id%3D-1
460,462,478,九龍婦女福利會李炳紀念學校,Kowloon Women's Welfare Club Li Ping Memorial School,男女校,是,油尖旺區,34,資助,5.22,4.92,5.12,3.8,3.8,3.6,4.1,3.5,52,17000,32916,2700,35616,10.76,93.6,20.0,85.0,146.2,搬屋更貴,觀塘月華街 633呎 租$17000+位$2250,3.0,1050.0,3.0,無,3.0,8.0,7.0,6.5,5.5,,,,1,530,https://www.chsc.hk/psp2026/sch_detail.php?lang_id=2&sch_id=530&return_page=sch_list.php%3Flang_id%3D2%26search_mode%3D%26frmMode%3Dpagebreak%26district_id%3D11%26sort_id%3D-1
454,463,455,高主教書院小學部,Raimondi College Primary Section,男女校,是,灣仔區,/,私立,5.26,4.89,5.43,2.3,3.0,2.3,2.2,2.3,57,20000,36081,2600,38681,12.66,112.2,15.6,100.9,189.7,搬屋更貴,觀塘月華街 633呎 租$17000+位$2250,7.5,8118.0,5.5,高主教書院,6.0,8.0,7.9,2.0,10.0,,,,2,409,https://www.chsc.hk/psp2026/sch_detail.php?lang_id=2&sch_id=409&return_page=sch_list.php%3Flang_id%3D2%26search_mode%3D%26frmMode%3Dpagebreak%26district_id%3D5%26sort_id%3D-1
442,464,436,般咸道官立小學,Bonham Road Government Primary School,男女校,是,中西區,11,官立,5.51,4.81,5.73,1.0,3.0,1.0,1.0,1.0,62,22000,39246,2800,42046,13.93,130.9,24.4,118.4,218.8,搬屋更貴,觀塘月華街 633呎 租$17000+位$2250,4.5,3765.0,5.0,英皇書院、庇理羅士女子中學、金文泰中學、鄧肇堅維多利亞官立中學,5.0,8.0,8.0,6.6,5.4,,,,2,21,https://www.chsc.hk/psp2026/sch_detail.php?lang_id=2&sch_id=21&return_page=sch_list.php%3Flang_id%3D2%26search_mode%3D%26frmMode%3Dpagebreak%26district_id%3D1%26sort_id%3D-1
452,465,464,保良局金銀業貿易場張凝文學校,P.L.K. Gold & Silver Exchange Society Pershing Tsang School,男女校,是,灣仔區,12,資助,5.29,4.78,5.29,2.3,3.0,2.3,2.2,2.3,57,20000,36081,2600,38681,12.66,112.2,15.6,100.9,189.7,搬屋更貴,觀塘月華街 633呎 租$17000+位$2250,3.0,2212.0,3.0,無,3.0,8.0,8.8,6.2,5.8,,,,3,415,https://www.chsc.hk/psp2026/sch_detail.php?lang_id=2&sch_id=415&return_page=sch_list.php%3Flang_id%3D2%26search_mode%3D%26frmMode%3Dpagebreak%26district_id%3D5%26sort_id%3D-1
450,466,442,新會商會學校,San Wui Commercial Society School,男女校,是,中西區,11,資助,5.34,4.69,5.56,1.0,3.0,1.0,1.0,1.0,62,22000,39246,2800,42046,13.93,130.9,24.4,118.4,218.8,搬屋更貴,觀塘月華街 633呎 租$17000+位$2250,3.0,700.0,6.0,新會商會陳白沙紀念中學,6.0,8.0,7.0,6.6,5.4,,,,1,6,https://www.chsc.hk/psp2026/sch_detail.php?lang_id=2&sch_id=6&return_page=sch_list.php%3Flang_id%3D2%26search_mode%3D%26frmMode%3Dpagebreak%26district_id%3D1%26sort_id%3D-1
469,467,479,寶覺小學,Po Kok Primary School,男女校,是,灣仔區,12,資助,5.09,4.58,5.09,2.3,3.0,2.3,2.2,2.3,57,20000,36081,2600,38681,12.66,112.2,15.6,100.9,189.7,搬屋更貴,觀塘月華街 633呎 租$17000+位$2250,4.5,3600.0,3.0,無,3.0,8.0,7.2,6.2,5.8,,,,1,414,https://www.chsc.hk/psp2026/sch_detail.php?lang_id=2&sch_id=414&return_page=sch_list.php%3Flang_id%3D2%26search_mode%3D%26frmMode%3Dpagebreak%26district_id%3D5%26sort_id%3D-1
484,468,484,保良局陳守仁小學,Po Leung Kuk Camões Tan Siu Lin Primary School,男女校,是,油尖旺區,/,直資,4.69,4.56,4.77,3.8,3.8,3.6,4.1,3.5,52,17000,32916,2700,35616,10.76,93.6,20.0,85.0,146.2,搬屋更貴,觀塘月華街 633呎 租$17000+位$2250,4.5,4000.0,3.0,無,3.0,8.0,8.0,2.0,10.0,,,,2,529,https://www.chsc.hk/psp2026/sch_detail.php?lang_id=2&sch_id=529&return_page=sch_list.php%3Flang_id%3D2%26search_mode%3D%26frmMode%3Dpagebreak%26district_id%3D11%26sort_id%3D-1
468,469,449,聖類斯中學（小學部）,St. Louis School (Primary Section),男校,是,中西區,/,私立,5.11,4.56,5.51,1.0,3.0,1.0,1.0,1.0,62,22000,39246,2800,42046,13.93,130.9,24.4,118.4,218.8,搬屋更貴,觀塘月華街 633呎 租$17000+位$2250,9.0,9200.0,5.5,聖類斯中學,6.0,8.0,7.6,2.0,10.0,,,,1,18,https://www.chsc.hk/psp2026/sch_detail.php?lang_id=2&sch_id=18&return_page=sch_list.php%3Flang_id%3D2%26search_mode%3D%26frmMode%3Dpagebreak%26district_id%3D1%26sort_id%3D-1
464,470,458,李陞小學,Li Sing Primary School,男女校,是,中西區,11,官立,5.14,4.49,5.36,1.0,3.0,1.0,1.0,1.0,62,22000,39246,2800,42046,13.93,130.9,24.4,118.4,218.8,搬屋更貴,觀塘月華街 633呎 租$17000+位$2250,3.0,2170.0,5.0,英皇書院、庇理羅士女子中學、金文泰中學、鄧肇堅維多利亞官立中學,5.0,8.0,7.0,6.6,5.4,,,,1,8,https://www.chsc.hk/psp2026/sch_detail.php?lang_id=2&sch_id=8&return_page=sch_list.php%3Flang_id%3D2%26search_mode%3D%26frmMode%3Dpagebreak%26district_id%3D1%26sort_id%3D-1
463,471,457,聖嘉祿學校,St. Charles School,男女校,是,中西區,11,資助,5.15,4.45,5.37,1.0,3.0,1.0,1.0,1.0,62,22000,39246,2800,42046,13.93,130.9,24.4,118.4,218.8,搬屋更貴,觀塘月華街 633呎 租$17000+位$2250,4.5,4600.0,3.0,無,3.0,8.0,8.2,6.6,5.4,,,,1,15,https://www.chsc.hk/psp2026/sch_detail.php?lang_id=2&sch_id=15&return_page=sch_list.php%3Flang_id%3D2%26search_mode%3D%26frmMode%3Dpagebreak%26district_id%3D1%26sort_id%3D-1
479,472,481,寶血小學,Precious Blood Primary School,男女校,是,灣仔區,12,資助,4.89,4.42,4.89,2.3,3.0,2.3,2.2,2.3,57,20000,36081,2600,38681,12.66,112.2,15.6,100.9,189.7,搬屋更貴,觀塘月華街 633呎 租$17000+位$2250,3.0,1220.0,3.0,無,3.0,8.0,7.0,6.2,5.8,,,,1,423,https://www.chsc.hk/psp2026/sch_detail.php?lang_id=2&sch_id=423&return_page=sch_list.php%3Flang_id%3D2%26search_mode%3D%26frmMode%3Dpagebreak%26district_id%3D5%26sort_id%3D-1
480,473,482,李陞大坑學校,Li Sing Tai Hang School,男女校,是,灣仔區,12,資助,4.89,4.42,4.89,2.3,3.0,2.3,2.2,2.3,57,20000,36081,2600,38681,12.66,112.2,15.6,100.9,189.7,搬屋更貴,觀塘月華街 633呎 租$17000+位$2250,3.0,1000.0,3.0,無,3.0,8.0,7.0,6.2,5.8,,,,1,413,https://www.chsc.hk/psp2026/sch_detail.php?lang_id=2&sch_id=413&return_page=sch_list.php%3Flang_id%3D2%26search_mode%3D%26frmMode%3Dpagebreak%26district_id%3D5%26sort_id%3D-1
481,474,483,東華三院李賜豪小學,TWGHs Li Chi Ho Primary School,男女校,是,灣仔區,12,資助,4.89,4.42,4.89,2.3,3.0,2.3,2.2,2.3,57,20000,36081,2600,38681,12.66,112.2,15.6,100.9,189.7,搬屋更貴,觀塘月華街 633呎 租$17000+位$2250,3.0,2000.0,3.0,無,3.0,8.0,7.0,6.2,5.8,,,,1,418,https://www.chsc.hk/psp2026/sch_detail.php?lang_id=2&sch_id=418&return_page=sch_list.php%3Flang_id%3D2%26search_mode%3D%26frmMode%3Dpagebreak%26district_id%3D5%26sort_id%3D-1
465,475,459,天主教總堂區學校,Catholic Mission School,男女校,是,中西區,11,資助,5.13,4.41,5.34,1.0,3.0,1.0,1.0,1.0,62,22000,39246,2800,42046,13.93,130.9,24.4,118.4,218.8,搬屋更貴,觀塘月華街 633呎 租$17000+位$2250,6.0,6000.0,3.0,無,3.0,8.0,7.4,6.6,5.4,,,,1,4,https://www.chsc.hk/psp2026/sch_detail.php?lang_id=2&sch_id=4&return_page=sch_list.php%3Flang_id%3D2%26search_mode%3D%26frmMode%3Dpagebreak%26district_id%3D1%26sort_id%3D-1
467,476,462,聖安多尼學校,St. Anthony's School,男女校,是,中西區,11,資助,5.11,4.41,5.33,1.0,3.0,1.0,1.0,1.0,62,22000,39246,2800,42046,13.93,130.9,24.4,118.4,218.8,搬屋更貴,觀塘月華街 633呎 租$17000+位$2250,4.5,4500.0,3.0,無,3.0,8.0,8.0,6.6,5.4,,,,2,20,https://www.chsc.hk/psp2026/sch_detail.php?lang_id=2&sch_id=20&return_page=sch_list.php%3Flang_id%3D2%26search_mode%3D%26frmMode%3Dpagebreak%26district_id%3D1%26sort_id%3D-1
466,477,461,香港潮商學校,"Chiu Sheung School, Hong Kong",男女校,是,中西區,11,資助,5.13,4.41,5.34,1.0,3.0,1.0,1.0,1.0,62,22000,39246,2800,42046,13.93,130.9,24.4,118.4,218.8,搬屋更貴,觀塘月華街 633呎 租$17000+位$2250,6.0,6000.0,3.0,無,3.0,8.0,7.4,6.6,5.4,,,,1,12,https://www.chsc.hk/psp2026/sch_detail.php?lang_id=2&sch_id=12&return_page=sch_list.php%3Flang_id%3D2%26search_mode%3D%26frmMode%3Dpagebreak%26district_id%3D1%26sort_id%3D-1
482,478,466,救恩學校,Kau Yan School,男女校,是,中西區,/,私立,4.83,4.32,5.23,1.0,3.0,1.0,1.0,1.0,62,22000,39246,2800,42046,13.93,130.9,24.4,118.4,218.8,搬屋更貴,觀塘月華街 633呎 租$17000+位$2250,6.0,5000.0,5.0,匯基書院（東九龍）,5.0,8.0,8.4,2.0,10.0,,,,1,19,https://www.chsc.hk/psp2026/sch_detail.php?lang_id=2&sch_id=19&return_page=sch_list.php%3Flang_id%3D2%26search_mode%3D%26frmMode%3Dpagebreak%26district_id%3D1%26sort_id%3D-1
473,479,468,聖公會呂明才紀念小學,S.K.H. Lui Ming Choi Memorial Primary School,男女校,是,中西區,11,資助,4.96,4.29,5.18,1.0,3.0,1.0,1.0,1.0,62,22000,39246,2800,42046,13.93,130.9,24.4,118.4,218.8,搬屋更貴,觀塘月華街 633呎 租$17000+位$2250,3.0,1300.0,3.0,無,3.0,8.0,8.0,6.6,5.4,,,,1,16,https://www.chsc.hk/psp2026/sch_detail.php?lang_id=2&sch_id=16&return_page=sch_list.php%3Flang_id%3D2%26search_mode%3D%26frmMode%3Dpagebreak%26district_id%3D1%26sort_id%3D-1
474,480,469,聖公會聖馬太小學,S.K.H. St. Matthew's Primary School,男女校,是,中西區,11,資助,4.96,4.29,5.18,1.0,3.0,1.0,1.0,1.0,62,22000,39246,2800,42046,13.93,130.9,24.4,118.4,218.8,搬屋更貴,觀塘月華街 633呎 租$17000+位$2250,3.0,375.0,3.0,無,3.0,8.0,8.0,6.6,5.4,,,,1,1,https://www.chsc.hk/psp2026/sch_detail.php?lang_id=2&sch_id=1&return_page=sch_list.php%3Flang_id%3D2%26search_mode%3D%26frmMode%3Dpagebreak%26district_id%3D1%26sort_id%3D-1
475,481,470,英皇書院同學會小學,King's College Old Boys' Association Primary School,男女校,是,中西區,11,資助,4.96,4.29,5.18,1.0,3.0,1.0,1.0,1.0,62,22000,39246,2800,42046,13.93,130.9,24.4,118.4,218.8,搬屋更貴,觀塘月華街 633呎 租$17000+位$2250,3.0,3000.0,3.0,無,3.0,8.0,8.0,6.6,5.4,,,,1,13,https://www.chsc.hk/psp2026/sch_detail.php?lang_id=2&sch_id=13&return_page=sch_list.php%3Flang_id%3D2%26search_mode%3D%26frmMode%3Dpagebreak%26district_id%3D1%26sort_id%3D-1
476,482,471,中西區聖安多尼學校,Central & Western District St. Anthony's School,男女校,是,中西區,11,資助,4.93,4.25,5.15,1.0,3.0,1.0,1.0,1.0,62,22000,39246,2800,42046,13.93,130.9,24.4,118.4,218.8,搬屋更貴,觀塘月華街 633呎 租$17000+位$2250,4.5,4000.0,3.0,無,3.0,8.0,7.2,6.6,5.4,,,,1,7,https://www.chsc.hk/psp2026/sch_detail.php?lang_id=2&sch_id=7&return_page=sch_list.php%3Flang_id%3D2%26search_mode%3D%26frmMode%3Dpagebreak%26district_id%3D1%26sort_id%3D-1
477,483,472,聖公會基恩小學,S.K.H. Kei Yan Primary School,男女校,是,中西區,11,資助,4.93,4.25,5.15,1.0,3.0,1.0,1.0,1.0,62,22000,39246,2800,42046,13.93,130.9,24.4,118.4,218.8,搬屋更貴,觀塘月華街 633呎 租$17000+位$2250,4.5,4700.0,3.0,無,3.0,8.0,7.2,6.6,5.4,,,,1,14,https://www.chsc.hk/psp2026/sch_detail.php?lang_id=2&sch_id=14&return_page=sch_list.php%3Flang_id%3D2%26search_mode%3D%26frmMode%3Dpagebreak%26district_id%3D1%26sort_id%3D-1
478,484,473,英皇書院同學會小學第二校,King's College Old Boys' Association Primary School No. 2,男女校,是,中西區,11,資助,4.93,4.25,5.15,1.0,3.0,1.0,1.0,1.0,62,22000,39246,2800,42046,13.93,130.9,24.4,118.4,218.8,搬屋更貴,觀塘月華街 633呎 租$17000+位$2250,4.5,4948.0,3.0,無,3.0,8.0,7.2,6.6,5.4,,,,1,5,https://www.chsc.hk/psp2026/sch_detail.php?lang_id=2&sch_id=5&return_page=sch_list.php%3Flang_id%3D2%26search_mode%3D%26frmMode%3Dpagebreak%26district_id%3D1%26sort_id%3D-1
,,,協恩中學附屬小學,Heep Yunn Primary School,女校,否(女校),九龍城區,34,資助,,,,6.7,6.7,6.7,6.6,6.7,40,13000,25320,2400,27720,8.23,48.9,6.7,44.0,88.3,搬屋更貴,觀塘月華街 633呎 租$17000+位$2250,9.0,11000.0,3.0,無,3.0,8.0,7.8,6.5,5.5,,,,1,99,https://www.chsc.hk/psp2026/sch_detail.php?lang_id=2&sch_id=99&return_page=sch_list.php%3Flang_id%3D2%26search_mode%3D%26frmMode%3Dpagebreak%26district_id%3D6%26sort_id%3D-1
,,,嘉諾撒聖家學校,Holy Family Canossian School,女校,否(女校),九龍城區,41,資助,,,,6.7,6.7,6.7,6.6,6.7,40,13000,25320,2400,27720,8.23,48.9,6.7,44.0,88.3,搬屋更貴,觀塘月華街 633呎 租$17000+位$2250,3.0,3000.0,7.5,嘉諾撒聖家書院,8.0,8.0,7.3,6.3,5.7,,,,2,85,https://www.chsc.hk/psp2026/sch_detail.php?lang_id=2&sch_id=85&return_page=sch_list.php%3Flang_id%3D2%26search_mode%3D%26frmMode%3Dpagebreak%26district_id%3D6%26sort_id%3D-1
,,,嘉諾撒聖家學校（九龍塘）,Holy Family Canossian School (Kowloon Tong),女校,否(女校),九龍城區,41,資助,,,,6.7,6.7,6.7,6.6,6.7,40,13000,25320,2400,27720,8.23,48.9,6.7,44.0,88.3,搬屋更貴,觀塘月華街 633呎 租$17000+位$2250,4.5,4500.0,7.5,嘉諾撒聖家書院,8.0,8.0,7.5,6.3,5.7,,,,2,103,https://www.chsc.hk/psp2026/sch_detail.php?lang_id=2&sch_id=103&return_page=sch_list.php%3Flang_id%3D2%26search_mode%3D%26frmMode%3Dpagebreak%26district_id%3D6%26sort_id%3D-1
,,,嘉諾撒聖心學校,Sacred Heart Canossian School,女校,否(女校),中西區,11,資助,,,,1.0,3.0,1.0,1.0,1.0,62,22000,39246,2800,42046,13.93,130.9,24.4,118.4,218.8,搬屋更貴,觀塘月華街 633呎 租$17000+位$2250,3.0,1900.0,7.5,嘉諾撒聖心書院,8.0,8.0,7.8,6.6,5.4,,,,2,9,https://www.chsc.hk/psp2026/sch_detail.php?lang_id=2&sch_id=9&return_page=sch_list.php%3Flang_id%3D2%26search_mode%3D%26frmMode%3Dpagebreak%26district_id%3D1%26sort_id%3D-1
,,,嘉諾撒聖心學校私立部,"Sacred Heart Canossian School, Private Section",女校,否(女校),中西區,/,私立,,,,1.0,3.0,1.0,1.0,1.0,62,22000,39246,2800,42046,13.93,130.9,24.4,118.4,218.8,搬屋更貴,觀塘月華街 633呎 租$17000+位$2250,6.0,6500.0,7.5,嘉諾撒聖心書院,8.0,8.0,7.4,2.0,10.0,,,,1,10,https://www.chsc.hk/psp2026/sch_detail.php?lang_id=2&sch_id=10&return_page=sch_list.php%3Flang_id%3D2%26search_mode%3D%26frmMode%3Dpagebreak%26district_id%3D1%26sort_id%3D-1
,,,嘉諾撒聖方濟各學校,St. Francis' Canossian School,女校,否(女校),灣仔區,12,資助,,,,2.3,3.0,2.3,2.2,2.3,57,20000,36081,2600,38681,12.66,112.2,15.6,100.9,189.7,搬屋更貴,觀塘月華街 633呎 租$17000+位$2250,4.5,4000.0,5.5,嘉諾撒聖方濟各書院,6.0,8.0,8.0,6.2,5.8,,,,2,411,https://www.chsc.hk/psp2026/sch_detail.php?lang_id=2&sch_id=411&return_page=sch_list.php%3Flang_id%3D2%26search_mode%3D%26frmMode%3Dpagebreak%26district_id%3D5%26sort_id%3D-1
,,,嘉諾撒聖瑪利學校,St. Mary's Canossian School,女校,否(女校),油尖旺區,31,資助,,,,3.8,3.8,3.6,4.1,3.5,52,17000,32916,2700,35616,10.76,93.6,20.0,85.0,146.2,搬屋更貴,觀塘月華街 633呎 租$17000+位$2250,6.0,6780.0,10.0,嘉諾撒聖瑪利書院,10.0,8.0,9.2,6.6,5.4,,,,2,513,https://www.chsc.hk/psp2026/sch_detail.php?lang_id=2&sch_id=513&return_page=sch_list.php%3Flang_id%3D2%26search_mode%3D%26frmMode%3Dpagebreak%26district_id%3D11%26sort_id%3D-1
,,,天神嘉諾撒學校,Holy Angels Canossian School,女校,否(女校),九龍城區,35,資助,,,,6.7,6.7,6.7,6.6,6.7,40,13000,25320,2400,27720,8.23,48.9,6.7,44.0,88.3,搬屋更貴,觀塘月華街 633呎 租$17000+位$2250,3.0,2300.0,10.0,嘉諾撒聖瑪利書院,10.0,8.0,7.0,6.6,5.4,,,,1,106,https://www.chsc.hk/psp2026/sch_detail.php?lang_id=2&sch_id=106&return_page=sch_list.php%3Flang_id%3D2%26search_mode%3D%26frmMode%3Dpagebreak%26district_id%3D6%26sort_id%3D-1
,,,德望小學暨幼稚園,Good Hope Primary School cum Kindergarten,女校,否(女校),黃大仙區,/,私立,,,,8.1,8.1,7.9,8.4,8.0,35,10000,22155,2250,24405,6.33,30.3,0.0,26.8,44.9,搬屋更貴,觀塘月華街 633呎 租$17000+位$2250,10.0,17019.0,3.0,無,3.0,8.0,7.5,2.0,10.0,,,,1,443,https://www.chsc.hk/psp2026/sch_detail.php?lang_id=2&sch_id=443&return_page=sch_list.php%3Flang_id%3D2%26search_mode%3D%26frmMode%3Dpagebreak%26district_id%3D10%26sort_id%3D-1
,,,拔萃女小學,Diocesan Girls' Junior School,女校,否(女校),油尖旺區,/,私立,,,,3.8,3.8,3.6,4.1,3.5,52,17000,32916,2700,35616,10.76,93.6,20.0,85.0,146.2,搬屋更貴,觀塘月華街 633呎 租$17000+位$2250,10.0,13000.0,10.0,拔萃女書院,10.0,8.0,7.5,2.0,10.0,,,,1,528,https://www.chsc.hk/psp2026/sch_detail.php?lang_id=2&sch_id=528&return_page=sch_list.php%3Flang_id%3D2%26search_mode%3D%26frmMode%3Dpagebreak%26district_id%3D11%26sort_id%3D-1
,,,瑪利曼小學,Marymount Primary School,女校,否(女校),灣仔區,12,資助,,,,2.3,3.0,2.3,2.2,2.3,57,20000,36081,2600,38681,12.66,112.2,15.6,100.9,189.7,搬屋更貴,觀塘月華街 633呎 租$17000+位$2250,9.0,11204.0,5.5,瑪利曼中學,6.0,8.0,8.6,6.2,5.8,,,,2,407,https://www.chsc.hk/psp2026/sch_detail.php?lang_id=2&sch_id=407&return_page=sch_list.php%3Flang_id%3D2%26search_mode%3D%26frmMode%3Dpagebreak%26district_id%3D5%26sort_id%3D-1
,,,瑪利諾修院學校（小學部）,Maryknoll Convent School (Primary Section),女校,否(女校),九龍城區,41,資助,,,,6.7,6.7,6.7,6.6,6.7,40,13000,25320,2400,27720,8.23,48.9,6.7,44.0,88.3,搬屋更貴,觀塘月華街 633呎 租$17000+位$2250,10.0,18697.0,9.5,瑪利諾修院學校（中學部）,10.0,8.0,10.0,6.3,5.7,,,,5,88,https://www.chsc.hk/psp2026/sch_detail.php?lang_id=2&sch_id=88&return_page=sch_list.php%3Flang_id%3D2%26search_mode%3D%26frmMode%3Dpagebreak%26district_id%3D6%26sort_id%3D-1
,,,聖保祿天主教小學,St. Paul's Primary Catholic School,女校,否(女校),灣仔區,12,資助,,,,2.3,3.0,2.3,2.2,2.3,57,20000,36081,2600,38681,12.66,112.2,15.6,100.9,189.7,搬屋更貴,觀塘月華街 633呎 租$17000+位$2250,10.0,22176.0,5.5,聖保祿中學,6.0,8.0,8.8,6.2,5.8,,,,2,412,https://www.chsc.hk/psp2026/sch_detail.php?lang_id=2&sch_id=412&return_page=sch_list.php%3Flang_id%3D2%26search_mode%3D%26frmMode%3Dpagebreak%26district_id%3D5%26sort_id%3D-1
,,,聖保祿學校（小學部）,St. Paul's Convent School (Primary Section),女校,否(女校),灣仔區,/,私立,,,,2.3,3.0,2.3,2.2,2.3,57,20000,36081,2600,38681,12.66,112.2,15.6,100.9,189.7,搬屋更貴,觀塘月華街 633呎 租$17000+位$2250,7.5,8826.0,5.5,聖保祿學校,6.0,8.0,9.4,2.0,10.0,,,,2,425,https://www.chsc.hk/psp2026/sch_detail.php?lang_id=2&sch_id=425&return_page=sch_list.php%3Flang_id%3D2%26search_mode%3D%26frmMode%3Dpagebreak%26district_id%3D5%26sort_id%3D-1
,,,聖嘉勒小學,St. Clare's Primary School,女校,否(女校),中西區,/,私立,,,,1.0,3.0,1.0,1.0,1.0,62,22000,39246,2800,42046,13.93,130.9,24.4,118.4,218.8,搬屋更貴,觀塘月華街 633呎 租$17000+位$2250,3.0,2509.0,5.5,聖嘉勒女書院,6.0,8.0,6.5,2.0,10.0,,,,1,23,https://www.chsc.hk/psp2026/sch_detail.php?lang_id=2&sch_id=23&return_page=sch_list.php%3Flang_id%3D2%26search_mode%3D%26frmMode%3Dpagebreak%26district_id%3D1%26sort_id%3D-1
,,,聖士提反女子中學附屬小學,St. Stephen's Girls' Primary School,女校,否(女校),中西區,11,資助,,,,1.0,3.0,1.0,1.0,1.0,62,22000,39246,2800,42046,13.93,130.9,24.4,118.4,218.8,搬屋更貴,觀塘月華街 633呎 租$17000+位$2250,3.0,1196.0,5.5,聖士提反女子中學,6.0,8.0,8.6,6.6,5.4,,,,3,11,https://www.chsc.hk/psp2026/sch_detail.php?lang_id=2&sch_id=11&return_page=sch_list.php%3Flang_id%3D2%26search_mode%3D%26frmMode%3Dpagebreak%26district_id%3D1%26sort_id%3D-1
,,,聖母小學,Our Lady's Primary School,女校,否(女校),黃大仙區,/,私立,,,,8.1,8.1,7.9,8.4,8.0,35,10000,22155,2250,24405,6.33,30.3,0.0,26.8,44.9,搬屋更貴,觀塘月華街 633呎 租$17000+位$2250,6.0,5586.0,5.5,聖母書院,6.0,8.0,8.4,2.0,10.0,,,,2,455,https://www.chsc.hk/psp2026/sch_detail.php?lang_id=2&sch_id=455&return_page=sch_list.php%3Flang_id%3D2%26search_mode%3D%26frmMode%3Dpagebreak%26district_id%3D10%26sort_id%3D-1
,,,聖羅撒學校,St. Rose of Lima's School,女校,否(女校),九龍城區,34,資助,,,,6.7,6.7,6.7,6.6,6.7,40,13000,25320,2400,27720,8.23,48.9,6.7,44.0,88.3,搬屋更貴,觀塘月華街 633呎 租$17000+位$2250,3.0,2872.0,5.5,聖羅撒書院,6.0,8.0,8.1,6.5,5.5,,,,3,76,https://www.chsc.hk/psp2026/sch_detail.php?lang_id=2&sch_id=76&return_page=sch_list.php%3Flang_id%3D2%26search_mode%3D%26frmMode%3Dpagebreak%26district_id%3D6%26sort_id%3D-1
